id,field,get_pv,set_pv
3,x,SR01C-DI-EBPM-01:SA:X,
3,y,SR01C-DI-EBPM-01:SA:Y,
5,b1,SR01A-PC-Q1D-01:I,SR01A-PC-Q1D-01:SETI
8,b2,SR01A-PC-S1D-01:I,SR01A-PC-S1D-01:SETI
9,b0,SR01A-PC-HSTR-01:I,SR01A-PC-HSTR-01:SETI
10,b0,SR01A-PC-VSTR-01:I,SR01A-PC-VSTR-01:SETI
13,b1,SR01A-PC-Q2D-02:I,SR01A-PC-Q2D-02:SETI
15,b1,SR01A-PC-Q3D-03:I,SR01A-PC-Q3D-03:SETI
18,b2,SR01A-PC-S2D-02:I,SR01A-PC-S2D-02:SETI
19,b0,SR01A-PC-HSTR-02:I,SR01A-PC-HSTR-02:SETI
20,b0,SR01A-PC-VSTR-02:I,SR01A-PC-VSTR-02:SETI
23,x,SR01C-DI-EBPM-02:SA:X,
23,y,SR01C-DI-EBPM-02:SA:Y,
25,b0,SR-PC-DIPOL-01:I,SR-PC-DIPOL-01:SETI
27,b1,SR01A-PC-Q2AD-04:I,SR01A-PC-Q2AD-04:SETI
29,x,SR01C-DI-EBPM-03:SA:X,
29,y,SR01C-DI-EBPM-03:SA:Y,
32,b2,SR01A-PC-S2A-03:I,SR01A-PC-S2A-03:SETI
33,b0,SR01A-PC-HSTR-03:I,SR01A-PC-HSTR-03:SETI
34,b0,SR01A-PC-VSTR-03:I,SR01A-PC-VSTR-03:SETI
37,b1,SR01A-PC-Q1AD-05:I,SR01A-PC-Q1AD-05:SETI
39,x,SR01C-DI-EBPM-04:SA:X,
39,y,SR01C-DI-EBPM-04:SA:Y,
42,b2,SR01A-PC-S1A-04:I,SR01A-PC-S1A-04:SETI
43,b0,SR01A-PC-HSTR-04:I,SR01A-PC-HSTR-04:SETI
44,b0,SR01A-PC-VSTR-04:I,SR01A-PC-VSTR-04:SETI
47,b1,SR01A-PC-Q1AB-06:I,SR01A-PC-Q1AB-06:SETI
50,b2,SR01A-PC-S2A-05:I,SR01A-PC-S2A-05:SETI
51,b0,SR01A-PC-HSTR-05:I,SR01A-PC-HSTR-05:SETI
52,b0,SR01A-PC-VSTR-05:I,SR01A-PC-VSTR-05:SETI
55,b1,SR01A-PC-Q2AB-07:I,SR01A-PC-Q2AB-07:SETI
57,x,SR01C-DI-EBPM-05:SA:X,
57,y,SR01C-DI-EBPM-05:SA:Y,
59,b0,SR-PC-DIPOL-01:I,SR-PC-DIPOL-01:SETI
62,b2,SR01A-PC-S2C-06:I,SR01A-PC-S2C-06:SETI
63,b0,SR01A-PC-HSTR-06:I,SR01A-PC-HSTR-06:SETI
64,b0,SR01A-PC-VSTR-06:I,SR01A-PC-VSTR-06:SETI
67,b1,SR01A-PC-Q3B-08:I,SR01A-PC-Q3B-08:SETI
69,x,SR01C-DI-EBPM-06:SA:X,
69,y,SR01C-DI-EBPM-06:SA:Y,
71,b1,SR01A-PC-Q2B-09:I,SR01A-PC-Q2B-09:SETI
74,b2,SR01A-PC-S1C-07:I,SR01A-PC-S1C-07:SETI
75,b0,SR01A-PC-HSTR-07:I,SR01A-PC-HSTR-07:SETI
76,b0,SR01A-PC-VSTR-07:I,SR01A-PC-VSTR-07:SETI
79,b1,SR01A-PC-Q1B-10:I,SR01A-PC-Q1B-10:SETI
81,x,SR01C-DI-EBPM-07:SA:X,
81,y,SR01C-DI-EBPM-07:SA:Y,
109,x,SR02C-DI-EBPM-01:SA:X,
109,y,SR02C-DI-EBPM-01:SA:Y,
113,b1,SR02A-PC-Q1BE-01:I,SR02A-PC-Q1BE-01:SETI
115,b2,SR02A-PC-S1BE-01:I,SR02A-PC-S1BE-01:SETI
116,b0,SR02A-PC-HSTR-01:I,SR02A-PC-HSTR-01:SETI
117,b0,SR02A-PC-VSTR-01:I,SR02A-PC-VSTR-01:SETI
119,b1,SR02A-PC-Q2BE-02:I,SR02A-PC-Q2BE-02:SETI
123,b2,SR02A-PC-S2BE-02:I,SR02A-PC-S2BE-02:SETI
127,b0,SR-PC-DIPOL-01:I,SR-PC-DIPOL-01:SETI
134,x,SR02C-DI-EBPM-02:SA:X,
134,y,SR02C-DI-EBPM-02:SA:Y,
136,b2,SR02A-PC-S3E-03:I,SR02A-PC-S3E-03:SETI
138,b1,SR02A-PC-Q3E-03:I,SR02A-PC-Q3E-03:SETI
142,b2,SR02A-PC-S4E-04:I,SR02A-PC-S4E-04:SETI
143,b0,SR02A-PC-HSTR-04:I,SR02A-PC-HSTR-04:SETI
144,b0,SR02A-PC-VSTR-04:I,SR02A-PC-VSTR-04:SETI
146,b1,SR02A-PC-Q3E-04:I,SR02A-PC-Q3E-04:SETI
148,b2,SR02A-PC-S3E-05:I,SR02A-PC-S3E-05:SETI
149,b0,SR02A-PC-HSTR-05:I,SR02A-PC-HSTR-05:SETI
150,b0,SR02A-PC-VSTR-05:I,SR02A-PC-VSTR-05:SETI
154,x,SR02C-DI-EBPM-03:SA:X,
154,y,SR02C-DI-EBPM-03:SA:Y,
156,b0,SR-PC-DIPOL-01:I,SR-PC-DIPOL-01:SETI
159,b0,SR02A-PC-HSCOR-01:I,SR02A-PC-HSCOR-01:SETI
160,b0,SR02A-PC-VSCOR-01:I,SR02A-PC-VSCOR-01:SETI
162,b1,SR02A-PC-Q4E-05:I,SR02A-PC-Q4E-05:SETI
167,x,SR02C-DI-EBPM-04:SA:X,
167,y,SR02C-DI-EBPM-04:SA:Y,
175,x,SR02C-DI-EBPM-05:SA:X,
175,y,SR02C-DI-EBPM-05:SA:Y,
177,b1,SR02A-PC-Q4E-06:I,SR02A-PC-Q4E-06:SETI
179,b0,SR02A-PC-HSCOR-02:I,SR02A-PC-HSCOR-02:SETI
180,b0,SR02A-PC-VSCOR-02:I,SR02A-PC-VSCOR-02:SETI
184,b0,SR-PC-DIPOL-01:I,SR-PC-DIPOL-01:SETI
191,b2,SR02A-PC-S3E-06:I,SR02A-PC-S3E-06:SETI
193,b1,SR02A-PC-Q3E-07:I,SR02A-PC-Q3E-07:SETI
197,x,SR02C-DI-EBPM-06:SA:X,
197,y,SR02C-DI-EBPM-06:SA:Y,
199,b2,SR02A-PC-S4E-07:I,SR02A-PC-S4E-07:SETI
200,b0,SR02A-PC-HSTR-07:I,SR02A-PC-HSTR-07:SETI
201,b0,SR02A-PC-VSTR-07:I,SR02A-PC-VSTR-07:SETI
203,b1,SR02A-PC-Q3E-08:I,SR02A-PC-Q3E-08:SETI
205,b2,SR02A-PC-S3E-08:I,SR02A-PC-S3E-08:SETI
206,b0,SR02A-PC-HSTR-08:I,SR02A-PC-HSTR-08:SETI
207,b0,SR02A-PC-VSTR-08:I,SR02A-PC-VSTR-08:SETI
211,x,SR02C-DI-EBPM-07:SA:X,
211,y,SR02C-DI-EBPM-07:SA:Y,
213,b0,SR-PC-DIPOL-01:I,SR-PC-DIPOL-01:SETI
218,b2,SR02A-PC-S2BE-09:I,SR02A-PC-S2BE-09:SETI
222,b1,SR02A-PC-Q2BE-09:I,SR02A-PC-Q2BE-09:SETI
226,b2,SR02A-PC-S1BE-10:I,SR02A-PC-S1BE-10:SETI
227,b0,SR02A-PC-HSTR-10:I,SR02A-PC-HSTR-10:SETI
228,b0,SR02A-PC-VSTR-10:I,SR02A-PC-VSTR-10:SETI
230,b1,SR02A-PC-Q1BE-10:I,SR02A-PC-Q1BE-10:SETI
238,x,SR02C-DI-EBPM-08:SA:X,
238,y,SR02C-DI-EBPM-08:SA:Y,
266,x,SR03C-DI-EBPM-01:SA:X,
266,y,SR03C-DI-EBPM-01:SA:Y,
268,b1,SR03A-PC-Q1B-01:I,SR03A-PC-Q1B-01:SETI
271,b2,SR03A-PC-S1B-01:I,SR03A-PC-S1B-01:SETI
272,b0,SR03A-PC-HSTR-01:I,SR03A-PC-HSTR-01:SETI
273,b0,SR03A-PC-VSTR-01:I,SR03A-PC-VSTR-01:SETI
276,b1,SR03A-PC-Q2B-02:I,SR03A-PC-Q2B-02:SETI
278,b1,SR03A-PC-Q3B-03:I,SR03A-PC-Q3B-03:SETI
281,b2,SR03A-PC-S2B-02:I,SR03A-PC-S2B-02:SETI
282,b0,SR03A-PC-HSTR-02:I,SR03A-PC-HSTR-02:SETI
283,b0,SR03A-PC-VSTR-02:I,SR03A-PC-VSTR-02:SETI
286,x,SR03C-DI-EBPM-02:SA:X,
286,y,SR03C-DI-EBPM-02:SA:Y,
288,b0,SR-PC-DIPOL-01:I,SR-PC-DIPOL-01:SETI
290,b1,SR03A-PC-Q2AB-04:I,SR03A-PC-Q2AB-04:SETI
292,x,SR03C-DI-EBPM-03:SA:X,
292,y,SR03C-DI-EBPM-03:SA:Y,
295,b2,SR03A-PC-S2A-03:I,SR03A-PC-S2A-03:SETI
296,b0,SR03A-PC-HSTR-03:I,SR03A-PC-HSTR-03:SETI
297,b0,SR03A-PC-VSTR-03:I,SR03A-PC-VSTR-03:SETI
300,b1,SR03A-PC-Q1AB-05:I,SR03A-PC-Q1AB-05:SETI
302,x,SR03C-DI-EBPM-04:SA:X,
302,y,SR03C-DI-EBPM-04:SA:Y,
305,b2,SR03A-PC-S1A-04:I,SR03A-PC-S1A-04:SETI
306,b0,SR03A-PC-HSTR-04:I,SR03A-PC-HSTR-04:SETI
307,b0,SR03A-PC-VSTR-04:I,SR03A-PC-VSTR-04:SETI
310,b1,SR03A-PC-Q1AB-06:I,SR03A-PC-Q1AB-06:SETI
313,b2,SR03A-PC-S2A-05:I,SR03A-PC-S2A-05:SETI
314,b0,SR03A-PC-HSTR-05:I,SR03A-PC-HSTR-05:SETI
315,b0,SR03A-PC-VSTR-05:I,SR03A-PC-VSTR-05:SETI
318,b1,SR03A-PC-Q2AB-07:I,SR03A-PC-Q2AB-07:SETI
320,x,SR03C-DI-EBPM-05:SA:X,
320,y,SR03C-DI-EBPM-05:SA:Y,
322,b0,SR-PC-DIPOL-01:I,SR-PC-DIPOL-01:SETI
325,b2,SR03A-PC-S2B-06:I,SR03A-PC-S2B-06:SETI
326,b0,SR03A-PC-HSTR-06:I,SR03A-PC-HSTR-06:SETI
327,b0,SR03A-PC-VSTR-06:I,SR03A-PC-VSTR-06:SETI
330,b1,SR03A-PC-Q3B-08:I,SR03A-PC-Q3B-08:SETI
332,x,SR03C-DI-EBPM-06:SA:X,
332,y,SR03C-DI-EBPM-06:SA:Y,
334,b1,SR03A-PC-Q2B-09:I,SR03A-PC-Q2B-09:SETI
337,b2,SR03A-PC-S1B-07:I,SR03A-PC-S1B-07:SETI
338,b0,SR03A-PC-HSTR-07:I,SR03A-PC-HSTR-07:SETI
339,b0,SR03A-PC-VSTR-07:I,SR03A-PC-VSTR-07:SETI
342,b1,SR03A-PC-Q1B-10:I,SR03A-PC-Q1B-10:SETI
344,x,SR03C-DI-EBPM-07:SA:X,
344,y,SR03C-DI-EBPM-07:SA:Y,
382,x,SR04C-DI-EBPM-01:SA:X,
382,y,SR04C-DI-EBPM-01:SA:Y,
384,b1,SR04A-PC-Q1B-01:I,SR04A-PC-Q1B-01:SETI
387,b2,SR04A-PC-S1C-01:I,SR04A-PC-S1C-01:SETI
388,b0,SR04A-PC-HSTR-01:I,SR04A-PC-HSTR-01:SETI
389,b0,SR04A-PC-VSTR-01:I,SR04A-PC-VSTR-01:SETI
392,b1,SR04A-PC-Q2B-02:I,SR04A-PC-Q2B-02:SETI
394,b1,SR04A-PC-Q3B-03:I,SR04A-PC-Q3B-03:SETI
397,b2,SR04A-PC-S2C-02:I,SR04A-PC-S2C-02:SETI
398,b0,SR04A-PC-HSTR-02:I,SR04A-PC-HSTR-02:SETI
399,b0,SR04A-PC-VSTR-02:I,SR04A-PC-VSTR-02:SETI
402,x,SR04C-DI-EBPM-02:SA:X,
402,y,SR04C-DI-EBPM-02:SA:Y,
404,b0,SR-PC-DIPOL-01:I,SR-PC-DIPOL-01:SETI
406,b1,SR04A-PC-Q2AB-04:I,SR04A-PC-Q2AB-04:SETI
408,x,SR04C-DI-EBPM-03:SA:X,
408,y,SR04C-DI-EBPM-03:SA:Y,
411,b2,SR04A-PC-S2A-03:I,SR04A-PC-S2A-03:SETI
412,b0,SR04A-PC-HSTR-03:I,SR04A-PC-HSTR-03:SETI
413,b0,SR04A-PC-VSTR-03:I,SR04A-PC-VSTR-03:SETI
416,b1,SR04A-PC-Q1AB-05:I,SR04A-PC-Q1AB-05:SETI
418,x,SR04C-DI-EBPM-04:SA:X,
418,y,SR04C-DI-EBPM-04:SA:Y,
421,b2,SR04A-PC-S1A-04:I,SR04A-PC-S1A-04:SETI
422,b0,SR04A-PC-HSTR-04:I,SR04A-PC-HSTR-04:SETI
423,b0,SR04A-PC-VSTR-04:I,SR04A-PC-VSTR-04:SETI
426,b1,SR04A-PC-Q1AD-06:I,SR04A-PC-Q1AD-06:SETI
429,b2,SR04A-PC-S2A-05:I,SR04A-PC-S2A-05:SETI
430,b0,SR04A-PC-HSTR-05:I,SR04A-PC-HSTR-05:SETI
431,b0,SR04A-PC-VSTR-05:I,SR04A-PC-VSTR-05:SETI
434,b1,SR04A-PC-Q2AD-07:I,SR04A-PC-Q2AD-07:SETI
436,x,SR04C-DI-EBPM-05:SA:X,
436,y,SR04C-DI-EBPM-05:SA:Y,
438,b0,SR-PC-DIPOL-01:I,SR-PC-DIPOL-01:SETI
441,b2,SR04A-PC-S2D-06:I,SR04A-PC-S2D-06:SETI
442,b0,SR04A-PC-HSTR-06:I,SR04A-PC-HSTR-06:SETI
443,b0,SR04A-PC-VSTR-06:I,SR04A-PC-VSTR-06:SETI
446,b1,SR04A-PC-Q3D-08:I,SR04A-PC-Q3D-08:SETI
448,x,SR04C-DI-EBPM-06:SA:X,
448,y,SR04C-DI-EBPM-06:SA:Y,
450,b1,SR04A-PC-Q2D-09:I,SR04A-PC-Q2D-09:SETI
453,b2,SR04A-PC-S1D-07:I,SR04A-PC-S1D-07:SETI
454,b0,SR04A-PC-HSTR-07:I,SR04A-PC-HSTR-07:SETI
455,b0,SR04A-PC-VSTR-07:I,SR04A-PC-VSTR-07:SETI
458,b1,SR04A-PC-Q1D-10:I,SR04A-PC-Q1D-10:SETI
460,x,SR04C-DI-EBPM-07:SA:X,
460,y,SR04C-DI-EBPM-07:SA:Y,
477,x,SR05C-DI-EBPM-01:SA:X,
477,y,SR05C-DI-EBPM-01:SA:Y,
479,b1,SR05A-PC-Q1D-01:I,SR05A-PC-Q1D-01:SETI
482,b2,SR05A-PC-S1D-01:I,SR05A-PC-S1D-01:SETI
483,b0,SR05A-PC-HSTR-01:I,SR05A-PC-HSTR-01:SETI
484,b0,SR05A-PC-VSTR-01:I,SR05A-PC-VSTR-01:SETI
487,b1,SR05A-PC-Q2D-02:I,SR05A-PC-Q2D-02:SETI
489,b1,SR05A-PC-Q3D-03:I,SR05A-PC-Q3D-03:SETI
492,b2,SR05A-PC-S2D-02:I,SR05A-PC-S2D-02:SETI
493,b0,SR05A-PC-HSTR-02:I,SR05A-PC-HSTR-02:SETI
494,b0,SR05A-PC-VSTR-02:I,SR05A-PC-VSTR-02:SETI
497,x,SR05C-DI-EBPM-02:SA:X,
497,y,SR05C-DI-EBPM-02:SA:Y,
499,b0,SR-PC-DIPOL-01:I,SR-PC-DIPOL-01:SETI
501,b1,SR05A-PC-Q2AD-04:I,SR05A-PC-Q2AD-04:SETI
503,x,SR05C-DI-EBPM-03:SA:X,
503,y,SR05C-DI-EBPM-03:SA:Y,
506,b2,SR05A-PC-S2A-03:I,SR05A-PC-S2A-03:SETI
507,b0,SR05A-PC-HSTR-03:I,SR05A-PC-HSTR-03:SETI
508,b0,SR05A-PC-VSTR-03:I,SR05A-PC-VSTR-03:SETI
511,b1,SR05A-PC-Q1AD-05:I,SR05A-PC-Q1AD-05:SETI
513,x,SR05C-DI-EBPM-04:SA:X,
513,y,SR05C-DI-EBPM-04:SA:Y,
516,b2,SR05A-PC-S1A-04:I,SR05A-PC-S1A-04:SETI
517,b0,SR05A-PC-HSTR-04:I,SR05A-PC-HSTR-04:SETI
518,b0,SR05A-PC-VSTR-04:I,SR05A-PC-VSTR-04:SETI
521,b1,SR05A-PC-Q1AB-06:I,SR05A-PC-Q1AB-06:SETI
524,b2,SR05A-PC-S2A-05:I,SR05A-PC-S2A-05:SETI
525,b0,SR05A-PC-HSTR-05:I,SR05A-PC-HSTR-05:SETI
526,b0,SR05A-PC-VSTR-05:I,SR05A-PC-VSTR-05:SETI
529,b1,SR05A-PC-Q2AB-07:I,SR05A-PC-Q2AB-07:SETI
531,x,SR05C-DI-EBPM-05:SA:X,
531,y,SR05C-DI-EBPM-05:SA:Y,
533,b0,SR-PC-DIPOL-01:I,SR-PC-DIPOL-01:SETI
536,b2,SR05A-PC-S2C-06:I,SR05A-PC-S2C-06:SETI
537,b0,SR05A-PC-HSTR-06:I,SR05A-PC-HSTR-06:SETI
538,b0,SR05A-PC-VSTR-06:I,SR05A-PC-VSTR-06:SETI
541,b1,SR05A-PC-Q3B-08:I,SR05A-PC-Q3B-08:SETI
543,x,SR05C-DI-EBPM-06:SA:X,
543,y,SR05C-DI-EBPM-06:SA:Y,
545,b1,SR05A-PC-Q2B-09:I,SR05A-PC-Q2B-09:SETI
548,b2,SR05A-PC-S1C-07:I,SR05A-PC-S1C-07:SETI
549,b0,SR05A-PC-HSTR-07:I,SR05A-PC-HSTR-07:SETI
550,b0,SR05A-PC-VSTR-07:I,SR05A-PC-VSTR-07:SETI
553,b1,SR05A-PC-Q1B-10:I,SR05A-PC-Q1B-10:SETI
555,x,SR05C-DI-EBPM-07:SA:X,
555,y,SR05C-DI-EBPM-07:SA:Y,
582,x,SR06C-DI-EBPM-01:SA:X,
582,y,SR06C-DI-EBPM-01:SA:Y,
584,b1,SR06A-PC-Q1B-01:I,SR06A-PC-Q1B-01:SETI
587,b2,SR06A-PC-S1B-01:I,SR06A-PC-S1B-01:SETI
588,b0,SR06A-PC-HSTR-01:I,SR06A-PC-HSTR-01:SETI
589,b0,SR06A-PC-VSTR-01:I,SR06A-PC-VSTR-01:SETI
592,b1,SR06A-PC-Q2B-02:I,SR06A-PC-Q2B-02:SETI
594,b1,SR06A-PC-Q3B-03:I,SR06A-PC-Q3B-03:SETI
597,b2,SR06A-PC-S2B-02:I,SR06A-PC-S2B-02:SETI
598,b0,SR06A-PC-HSTR-02:I,SR06A-PC-HSTR-02:SETI
599,b0,SR06A-PC-VSTR-02:I,SR06A-PC-VSTR-02:SETI
602,x,SR06C-DI-EBPM-02:SA:X,
602,y,SR06C-DI-EBPM-02:SA:Y,
604,b0,SR-PC-DIPOL-01:I,SR-PC-DIPOL-01:SETI
606,b1,SR06A-PC-Q2AB-04:I,SR06A-PC-Q2AB-04:SETI
608,x,SR06C-DI-EBPM-03:SA:X,
608,y,SR06C-DI-EBPM-03:SA:Y,
611,b2,SR06A-PC-S2A-03:I,SR06A-PC-S2A-03:SETI
612,b0,SR06A-PC-HSTR-03:I,SR06A-PC-HSTR-03:SETI
613,b0,SR06A-PC-VSTR-03:I,SR06A-PC-VSTR-03:SETI
616,b1,SR06A-PC-Q1AB-05:I,SR06A-PC-Q1AB-05:SETI
618,x,SR06C-DI-EBPM-04:SA:X,
618,y,SR06C-DI-EBPM-04:SA:Y,
621,b2,SR06A-PC-S1A-04:I,SR06A-PC-S1A-04:SETI
622,b0,SR06A-PC-HSTR-04:I,SR06A-PC-HSTR-04:SETI
623,b0,SR06A-PC-VSTR-04:I,SR06A-PC-VSTR-04:SETI
626,b1,SR06A-PC-Q1AB-06:I,SR06A-PC-Q1AB-06:SETI
629,b2,SR06A-PC-S2A-05:I,SR06A-PC-S2A-05:SETI
630,b0,SR06A-PC-HSTR-05:I,SR06A-PC-HSTR-05:SETI
631,b0,SR06A-PC-VSTR-05:I,SR06A-PC-VSTR-05:SETI
634,b1,SR06A-PC-Q2AB-07:I,SR06A-PC-Q2AB-07:SETI
636,x,SR06C-DI-EBPM-05:SA:X,
636,y,SR06C-DI-EBPM-05:SA:Y,
638,b0,SR-PC-DIPOL-01:I,SR-PC-DIPOL-01:SETI
641,b2,SR06A-PC-S2B-06:I,SR06A-PC-S2B-06:SETI
642,b0,SR06A-PC-HSTR-06:I,SR06A-PC-HSTR-06:SETI
643,b0,SR06A-PC-VSTR-06:I,SR06A-PC-VSTR-06:SETI
646,b1,SR06A-PC-Q3B-08:I,SR06A-PC-Q3B-08:SETI
648,x,SR06C-DI-EBPM-06:SA:X,
648,y,SR06C-DI-EBPM-06:SA:Y,
650,b1,SR06A-PC-Q2B-09:I,SR06A-PC-Q2B-09:SETI
653,b2,SR06A-PC-S1B-07:I,SR06A-PC-S1B-07:SETI
654,b0,SR06A-PC-HSTR-07:I,SR06A-PC-HSTR-07:SETI
655,b0,SR06A-PC-VSTR-07:I,SR06A-PC-VSTR-07:SETI
658,b1,SR06A-PC-Q1B-10:I,SR06A-PC-Q1B-10:SETI
660,x,SR06C-DI-EBPM-07:SA:X,
660,y,SR06C-DI-EBPM-07:SA:Y,
688,x,SR07C-DI-EBPM-01:SA:X,
688,y,SR07C-DI-EBPM-01:SA:Y,
690,b1,SR07A-PC-Q1B-01:I,SR07A-PC-Q1B-01:SETI
693,b2,SR07A-PC-S1B-01:I,SR07A-PC-S1B-01:SETI
694,b0,SR07A-PC-HSTR-01:I,SR07A-PC-HSTR-01:SETI
695,b0,SR07A-PC-VSTR-01:I,SR07A-PC-VSTR-01:SETI
698,b1,SR07A-PC-Q2B-02:I,SR07A-PC-Q2B-02:SETI
700,b1,SR07A-PC-Q3B-03:I,SR07A-PC-Q3B-03:SETI
703,b2,SR07A-PC-S2B-02:I,SR07A-PC-S2B-02:SETI
704,b0,SR07A-PC-HSTR-02:I,SR07A-PC-HSTR-02:SETI
705,b0,SR07A-PC-VSTR-02:I,SR07A-PC-VSTR-02:SETI
708,x,SR07C-DI-EBPM-02:SA:X,
708,y,SR07C-DI-EBPM-02:SA:Y,
710,b0,SR-PC-DIPOL-01:I,SR-PC-DIPOL-01:SETI
712,b1,SR07A-PC-Q2AB-04:I,SR07A-PC-Q2AB-04:SETI
714,x,SR07C-DI-EBPM-03:SA:X,
714,y,SR07C-DI-EBPM-03:SA:Y,
717,b2,SR07A-PC-S2A-03:I,SR07A-PC-S2A-03:SETI
718,b0,SR07A-PC-HSTR-03:I,SR07A-PC-HSTR-03:SETI
719,b0,SR07A-PC-VSTR-03:I,SR07A-PC-VSTR-03:SETI
722,b1,SR07A-PC-Q1AB-05:I,SR07A-PC-Q1AB-05:SETI
724,x,SR07C-DI-EBPM-04:SA:X,
724,y,SR07C-DI-EBPM-04:SA:Y,
727,b2,SR07A-PC-S1A-04:I,SR07A-PC-S1A-04:SETI
728,b0,SR07A-PC-HSTR-04:I,SR07A-PC-HSTR-04:SETI
729,b0,SR07A-PC-VSTR-04:I,SR07A-PC-VSTR-04:SETI
732,b1,SR07A-PC-Q1AB-06:I,SR07A-PC-Q1AB-06:SETI
735,b2,SR07A-PC-S2A-05:I,SR07A-PC-S2A-05:SETI
736,b0,SR07A-PC-HSTR-05:I,SR07A-PC-HSTR-05:SETI
737,b0,SR07A-PC-VSTR-05:I,SR07A-PC-VSTR-05:SETI
740,b1,SR07A-PC-Q2AB-07:I,SR07A-PC-Q2AB-07:SETI
742,x,SR07C-DI-EBPM-05:SA:X,
742,y,SR07C-DI-EBPM-05:SA:Y,
745,b0,SR-PC-DIPOL-01:I,SR-PC-DIPOL-01:SETI
748,b2,SR07A-PC-S2B-06:I,SR07A-PC-S2B-06:SETI
749,b0,SR07A-PC-HSTR-06:I,SR07A-PC-HSTR-06:SETI
750,b0,SR07A-PC-VSTR-06:I,SR07A-PC-VSTR-06:SETI
753,b1,SR07A-PC-Q3B-08:I,SR07A-PC-Q3B-08:SETI
755,x,SR07C-DI-EBPM-06:SA:X,
755,y,SR07C-DI-EBPM-06:SA:Y,
757,b1,SR07A-PC-Q2B-09:I,SR07A-PC-Q2B-09:SETI
760,b2,SR07A-PC-S1B-07:I,SR07A-PC-S1B-07:SETI
761,b0,SR07A-PC-HSTR-07:I,SR07A-PC-HSTR-07:SETI
762,b0,SR07A-PC-VSTR-07:I,SR07A-PC-VSTR-07:SETI
765,b1,SR07A-PC-Q1B-10:I,SR07A-PC-Q1B-10:SETI
767,x,SR07C-DI-EBPM-07:SA:X,
767,y,SR07C-DI-EBPM-07:SA:Y,
781,x,SR08C-DI-EBPM-01:SA:X,
781,y,SR08C-DI-EBPM-01:SA:Y,
783,b1,SR08A-PC-Q1B-01:I,SR08A-PC-Q1B-01:SETI
786,b2,SR08A-PC-S1C-01:I,SR08A-PC-S1C-01:SETI
787,b0,SR08A-PC-HSTR-01:I,SR08A-PC-HSTR-01:SETI
788,b0,SR08A-PC-VSTR-01:I,SR08A-PC-VSTR-01:SETI
791,b1,SR08A-PC-Q2B-02:I,SR08A-PC-Q2B-02:SETI
793,b1,SR08A-PC-Q3B-03:I,SR08A-PC-Q3B-03:SETI
796,b2,SR08A-PC-S2C-02:I,SR08A-PC-S2C-02:SETI
797,b0,SR08A-PC-HSTR-02:I,SR08A-PC-HSTR-02:SETI
798,b0,SR08A-PC-VSTR-02:I,SR08A-PC-VSTR-02:SETI
801,x,SR08C-DI-EBPM-02:SA:X,
801,y,SR08C-DI-EBPM-02:SA:Y,
803,b0,SR-PC-DIPOL-01:I,SR-PC-DIPOL-01:SETI
805,b1,SR08A-PC-Q2AB-04:I,SR08A-PC-Q2AB-04:SETI
807,x,SR08C-DI-EBPM-03:SA:X,
807,y,SR08C-DI-EBPM-03:SA:Y,
810,b2,SR08A-PC-S2A-03:I,SR08A-PC-S2A-03:SETI
811,b0,SR08A-PC-HSTR-03:I,SR08A-PC-HSTR-03:SETI
812,b0,SR08A-PC-VSTR-03:I,SR08A-PC-VSTR-03:SETI
815,b1,SR08A-PC-Q1AB-05:I,SR08A-PC-Q1AB-05:SETI
817,x,SR08C-DI-EBPM-04:SA:X,
817,y,SR08C-DI-EBPM-04:SA:Y,
820,b2,SR08A-PC-S1A-04:I,SR08A-PC-S1A-04:SETI
821,b0,SR08A-PC-HSTR-04:I,SR08A-PC-HSTR-04:SETI
822,b0,SR08A-PC-VSTR-04:I,SR08A-PC-VSTR-04:SETI
825,b1,SR08A-PC-Q1AD-06:I,SR08A-PC-Q1AD-06:SETI
828,b2,SR08A-PC-S2A-05:I,SR08A-PC-S2A-05:SETI
829,b0,SR08A-PC-HSTR-05:I,SR08A-PC-HSTR-05:SETI
830,b0,SR08A-PC-VSTR-05:I,SR08A-PC-VSTR-05:SETI
833,b1,SR08A-PC-Q2AD-07:I,SR08A-PC-Q2AD-07:SETI
835,x,SR08C-DI-EBPM-05:SA:X,
835,y,SR08C-DI-EBPM-05:SA:Y,
837,b0,SR-PC-DIPOL-01:I,SR-PC-DIPOL-01:SETI
840,b2,SR08A-PC-S2D-06:I,SR08A-PC-S2D-06:SETI
841,b0,SR08A-PC-HSTR-06:I,SR08A-PC-HSTR-06:SETI
842,b0,SR08A-PC-VSTR-06:I,SR08A-PC-VSTR-06:SETI
845,b1,SR08A-PC-Q3D-08:I,SR08A-PC-Q3D-08:SETI
847,x,SR08C-DI-EBPM-06:SA:X,
847,y,SR08C-DI-EBPM-06:SA:Y,
849,b1,SR08A-PC-Q2D-09:I,SR08A-PC-Q2D-09:SETI
852,b2,SR08A-PC-S1D-07:I,SR08A-PC-S1D-07:SETI
853,b0,SR08A-PC-HSTR-07:I,SR08A-PC-HSTR-07:SETI
854,b0,SR08A-PC-VSTR-07:I,SR08A-PC-VSTR-07:SETI
857,b1,SR08A-PC-Q1D-10:I,SR08A-PC-Q1D-10:SETI
859,b1,SR08A-PC-QUADF-01:I,SR08A-PC-QUADF-01:SETI
865,x,SR08C-DI-EBPM-07:SA:X,
865,y,SR08C-DI-EBPM-07:SA:Y,
877,x,SR09S-DI-EBPM-01:SA:X,
877,y,SR09S-DI-EBPM-01:SA:Y,
879,b0,SR09S-PC-HSTR-01:I,SR09S-PC-HSTR-01:SETI
880,b0,SR09S-PC-VSTR-01:I,SR09S-PC-VSTR-01:SETI
886,b1,SR09S-PC-QUADD-02:I,SR09S-PC-QUADD-02:SETI
888,b1,SR09S-PC-QUADF-03:I,SR09S-PC-QUADF-03:SETI
890,x,SR09S-DI-EBPM-02:SA:X,
890,y,SR09S-DI-EBPM-02:SA:Y,
892,b0,SR09S-PC-HSTR-02:I,SR09S-PC-HSTR-02:SETI
893,b0,SR09S-PC-VSTR-02:I,SR09S-PC-VSTR-02:SETI
905,x,SR09C-DI-EBPM-01:SA:X,
905,y,SR09C-DI-EBPM-01:SA:Y,
911,b1,SR09A-PC-QUADF-04:I,SR09A-PC-QUADF-04:SETI
913,b1,SR09A-PC-Q1D-01:I,SR09A-PC-Q1D-01:SETI
916,b2,SR09A-PC-S1D-01:I,SR09A-PC-S1D-01:SETI
917,b0,SR09A-PC-HSTR-01:I,SR09A-PC-HSTR-01:SETI
918,b0,SR09A-PC-VSTR-01:I,SR09A-PC-VSTR-01:SETI
921,b1,SR09A-PC-Q2D-02:I,SR09A-PC-Q2D-02:SETI
923,b1,SR09A-PC-Q3D-03:I,SR09A-PC-Q3D-03:SETI
926,b2,SR09A-PC-S2D-02:I,SR09A-PC-S2D-02:SETI
927,b0,SR09A-PC-HSTR-02:I,SR09A-PC-HSTR-02:SETI
928,b0,SR09A-PC-VSTR-02:I,SR09A-PC-VSTR-02:SETI
931,x,SR09C-DI-EBPM-02:SA:X,
931,y,SR09C-DI-EBPM-02:SA:Y,
933,b0,SR-PC-DIPOL-01:I,SR-PC-DIPOL-01:SETI
935,b1,SR09A-PC-Q2AD-04:I,SR09A-PC-Q2AD-04:SETI
937,x,SR09C-DI-EBPM-03:SA:X,
937,y,SR09C-DI-EBPM-03:SA:Y,
940,b2,SR09A-PC-S2A-03:I,SR09A-PC-S2A-03:SETI
941,b0,SR09A-PC-HSTR-03:I,SR09A-PC-HSTR-03:SETI
942,b0,SR09A-PC-VSTR-03:I,SR09A-PC-VSTR-03:SETI
945,b1,SR09A-PC-Q1AD-05:I,SR09A-PC-Q1AD-05:SETI
947,x,SR09C-DI-EBPM-04:SA:X,
947,y,SR09C-DI-EBPM-04:SA:Y,
950,b2,SR09A-PC-S1A-04:I,SR09A-PC-S1A-04:SETI
951,b0,SR09A-PC-HSTR-04:I,SR09A-PC-HSTR-04:SETI
952,b0,SR09A-PC-VSTR-04:I,SR09A-PC-VSTR-04:SETI
955,b1,SR09A-PC-Q1AB-06:I,SR09A-PC-Q1AB-06:SETI
958,b2,SR09A-PC-S2A-05:I,SR09A-PC-S2A-05:SETI
959,b0,SR09A-PC-HSTR-05:I,SR09A-PC-HSTR-05:SETI
960,b0,SR09A-PC-VSTR-05:I,SR09A-PC-VSTR-05:SETI
963,b1,SR09A-PC-Q2AB-07:I,SR09A-PC-Q2AB-07:SETI
965,x,SR09C-DI-EBPM-05:SA:X,
965,y,SR09C-DI-EBPM-05:SA:Y,
967,b0,SR-PC-DIPOL-01:I,SR-PC-DIPOL-01:SETI
970,b2,SR09A-PC-S2C-06:I,SR09A-PC-S2C-06:SETI
971,b0,SR09A-PC-HSTR-06:I,SR09A-PC-HSTR-06:SETI
972,b0,SR09A-PC-VSTR-06:I,SR09A-PC-VSTR-06:SETI
975,b1,SR09A-PC-Q3B-08:I,SR09A-PC-Q3B-08:SETI
977,x,SR09C-DI-EBPM-06:SA:X,
977,y,SR09C-DI-EBPM-06:SA:Y,
979,b1,SR09A-PC-Q2B-09:I,SR09A-PC-Q2B-09:SETI
982,b2,SR09A-PC-S1C-07:I,SR09A-PC-S1C-07:SETI
983,b0,SR09A-PC-HSTR-07:I,SR09A-PC-HSTR-07:SETI
984,b0,SR09A-PC-VSTR-07:I,SR09A-PC-VSTR-07:SETI
987,b1,SR09A-PC-Q1B-10:I,SR09A-PC-Q1B-10:SETI
989,x,SR09C-DI-EBPM-07:SA:X,
989,y,SR09C-DI-EBPM-07:SA:Y,
1039,x,SR10C-DI-EBPM-01:SA:X,
1039,y,SR10C-DI-EBPM-01:SA:Y,
1041,b1,SR10A-PC-Q1B-01:I,SR10A-PC-Q1B-01:SETI
1044,b2,SR10A-PC-S1B-01:I,SR10A-PC-S1B-01:SETI
1045,b0,SR10A-PC-HSTR-01:I,SR10A-PC-HSTR-01:SETI
1046,b0,SR10A-PC-VSTR-01:I,SR10A-PC-VSTR-01:SETI
1049,b1,SR10A-PC-Q2B-02:I,SR10A-PC-Q2B-02:SETI
1051,b1,SR10A-PC-Q3B-03:I,SR10A-PC-Q3B-03:SETI
1054,b2,SR10A-PC-S2B-02:I,SR10A-PC-S2B-02:SETI
1055,b0,SR10A-PC-HSTR-02:I,SR10A-PC-HSTR-02:SETI
1056,b0,SR10A-PC-VSTR-02:I,SR10A-PC-VSTR-02:SETI
1059,x,SR10C-DI-EBPM-02:SA:X,
1059,y,SR10C-DI-EBPM-02:SA:Y,
1061,b0,SR-PC-DIPOL-01:I,SR-PC-DIPOL-01:SETI
1063,b1,SR10A-PC-Q2AB-04:I,SR10A-PC-Q2AB-04:SETI
1065,x,SR10C-DI-EBPM-03:SA:X,
1065,y,SR10C-DI-EBPM-03:SA:Y,
1068,b2,SR10A-PC-S2A-03:I,SR10A-PC-S2A-03:SETI
1069,b0,SR10A-PC-HSTR-03:I,SR10A-PC-HSTR-03:SETI
1070,b0,SR10A-PC-VSTR-03:I,SR10A-PC-VSTR-03:SETI
1073,b1,SR10A-PC-Q1AB-05:I,SR10A-PC-Q1AB-05:SETI
1075,x,SR10C-DI-EBPM-04:SA:X,
1075,y,SR10C-DI-EBPM-04:SA:Y,
1078,b2,SR10A-PC-S1A-04:I,SR10A-PC-S1A-04:SETI
1079,b0,SR10A-PC-HSTR-04:I,SR10A-PC-HSTR-04:SETI
1080,b0,SR10A-PC-VSTR-04:I,SR10A-PC-VSTR-04:SETI
1083,b1,SR10A-PC-Q1AB-06:I,SR10A-PC-Q1AB-06:SETI
1086,b2,SR10A-PC-S2A-05:I,SR10A-PC-S2A-05:SETI
1087,b0,SR10A-PC-HSTR-05:I,SR10A-PC-HSTR-05:SETI
1088,b0,SR10A-PC-VSTR-05:I,SR10A-PC-VSTR-05:SETI
1091,b1,SR10A-PC-Q2AB-07:I,SR10A-PC-Q2AB-07:SETI
1093,x,SR10C-DI-EBPM-05:SA:X,
1093,y,SR10C-DI-EBPM-05:SA:Y,
1095,b0,SR-PC-DIPOL-01:I,SR-PC-DIPOL-01:SETI
1098,b2,SR10A-PC-S2B-06:I,SR10A-PC-S2B-06:SETI
1099,b0,SR10A-PC-HSTR-06:I,SR10A-PC-HSTR-06:SETI
1100,b0,SR10A-PC-VSTR-06:I,SR10A-PC-VSTR-06:SETI
1103,b1,SR10A-PC-Q3B-08:I,SR10A-PC-Q3B-08:SETI
1105,x,SR10C-DI-EBPM-06:SA:X,
1105,y,SR10C-DI-EBPM-06:SA:Y,
1107,b1,SR10A-PC-Q2B-09:I,SR10A-PC-Q2B-09:SETI
1110,b2,SR10A-PC-S1B-07:I,SR10A-PC-S1B-07:SETI
1111,b0,SR10A-PC-HSTR-07:I,SR10A-PC-HSTR-07:SETI
1112,b0,SR10A-PC-VSTR-07:I,SR10A-PC-VSTR-07:SETI
1115,b1,SR10A-PC-Q1B-10:I,SR10A-PC-Q1B-10:SETI
1117,x,SR10C-DI-EBPM-07:SA:X,
1117,y,SR10C-DI-EBPM-07:SA:Y,
1131,x,SR11C-DI-EBPM-01:SA:X,
1131,y,SR11C-DI-EBPM-01:SA:Y,
1133,b1,SR11A-PC-Q1B-01:I,SR11A-PC-Q1B-01:SETI
1136,b2,SR11A-PC-S1B-01:I,SR11A-PC-S1B-01:SETI
1137,b0,SR11A-PC-HSTR-01:I,SR11A-PC-HSTR-01:SETI
1138,b0,SR11A-PC-VSTR-01:I,SR11A-PC-VSTR-01:SETI
1141,b1,SR11A-PC-Q2B-02:I,SR11A-PC-Q2B-02:SETI
1143,b1,SR11A-PC-Q3B-03:I,SR11A-PC-Q3B-03:SETI
1146,b2,SR11A-PC-S2B-02:I,SR11A-PC-S2B-02:SETI
1147,b0,SR11A-PC-HSTR-02:I,SR11A-PC-HSTR-02:SETI
1148,b0,SR11A-PC-VSTR-02:I,SR11A-PC-VSTR-02:SETI
1151,x,SR11C-DI-EBPM-02:SA:X,
1151,y,SR11C-DI-EBPM-02:SA:Y,
1153,b0,SR-PC-DIPOL-01:I,SR-PC-DIPOL-01:SETI
1155,b1,SR11A-PC-Q2AB-04:I,SR11A-PC-Q2AB-04:SETI
1157,x,SR11C-DI-EBPM-03:SA:X,
1157,y,SR11C-DI-EBPM-03:SA:Y,
1160,b2,SR11A-PC-S2A-03:I,SR11A-PC-S2A-03:SETI
1161,b0,SR11A-PC-HSTR-03:I,SR11A-PC-HSTR-03:SETI
1162,b0,SR11A-PC-VSTR-03:I,SR11A-PC-VSTR-03:SETI
1165,b1,SR11A-PC-Q1AB-05:I,SR11A-PC-Q1AB-05:SETI
1167,x,SR11C-DI-EBPM-04:SA:X,
1167,y,SR11C-DI-EBPM-04:SA:Y,
1170,b2,SR11A-PC-S1A-04:I,SR11A-PC-S1A-04:SETI
1171,b0,SR11A-PC-HSTR-04:I,SR11A-PC-HSTR-04:SETI
1172,b0,SR11A-PC-VSTR-04:I,SR11A-PC-VSTR-04:SETI
1175,b1,SR11A-PC-Q1AB-06:I,SR11A-PC-Q1AB-06:SETI
1178,b2,SR11A-PC-S2A-05:I,SR11A-PC-S2A-05:SETI
1179,b0,SR11A-PC-HSTR-05:I,SR11A-PC-HSTR-05:SETI
1180,b0,SR11A-PC-VSTR-05:I,SR11A-PC-VSTR-05:SETI
1183,b1,SR11A-PC-Q2AB-07:I,SR11A-PC-Q2AB-07:SETI
1185,x,SR11C-DI-EBPM-05:SA:X,
1185,y,SR11C-DI-EBPM-05:SA:Y,
1187,b0,SR-PC-DIPOL-01:I,SR-PC-DIPOL-01:SETI
1190,b2,SR11A-PC-S2B-06:I,SR11A-PC-S2B-06:SETI
1191,b0,SR11A-PC-HSTR-06:I,SR11A-PC-HSTR-06:SETI
1192,b0,SR11A-PC-VSTR-06:I,SR11A-PC-VSTR-06:SETI
1195,b1,SR11A-PC-Q3B-08:I,SR11A-PC-Q3B-08:SETI
1197,x,SR11C-DI-EBPM-06:SA:X,
1197,y,SR11C-DI-EBPM-06:SA:Y,
1199,b1,SR11A-PC-Q2B-09:I,SR11A-PC-Q2B-09:SETI
1202,b2,SR11A-PC-S1B-07:I,SR11A-PC-S1B-07:SETI
1203,b0,SR11A-PC-HSTR-07:I,SR11A-PC-HSTR-07:SETI
1204,b0,SR11A-PC-VSTR-07:I,SR11A-PC-VSTR-07:SETI
1207,b1,SR11A-PC-Q1B-10:I,SR11A-PC-Q1B-10:SETI
1209,x,SR11C-DI-EBPM-07:SA:X,
1209,y,SR11C-DI-EBPM-07:SA:Y,
1223,x,SR12C-DI-EBPM-01:SA:X,
1223,y,SR12C-DI-EBPM-01:SA:Y,
1225,b1,SR12A-PC-Q1B-01:I,SR12A-PC-Q1B-01:SETI
1228,b2,SR12A-PC-S1C-01:I,SR12A-PC-S1C-01:SETI
1229,b0,SR12A-PC-HSTR-01:I,SR12A-PC-HSTR-01:SETI
1230,b0,SR12A-PC-VSTR-01:I,SR12A-PC-VSTR-01:SETI
1233,b1,SR12A-PC-Q2B-02:I,SR12A-PC-Q2B-02:SETI
1235,b1,SR12A-PC-Q3B-03:I,SR12A-PC-Q3B-03:SETI
1238,b2,SR12A-PC-S2C-02:I,SR12A-PC-S2C-02:SETI
1239,b0,SR12A-PC-HSTR-02:I,SR12A-PC-HSTR-02:SETI
1240,b0,SR12A-PC-VSTR-02:I,SR12A-PC-VSTR-02:SETI
1243,x,SR12C-DI-EBPM-02:SA:X,
1243,y,SR12C-DI-EBPM-02:SA:Y,
1245,b0,SR-PC-DIPOL-01:I,SR-PC-DIPOL-01:SETI
1247,b1,SR12A-PC-Q2AB-04:I,SR12A-PC-Q2AB-04:SETI
1249,x,SR12C-DI-EBPM-03:SA:X,
1249,y,SR12C-DI-EBPM-03:SA:Y,
1252,b2,SR12A-PC-S2A-03:I,SR12A-PC-S2A-03:SETI
1253,b0,SR12A-PC-HSTR-03:I,SR12A-PC-HSTR-03:SETI
1254,b0,SR12A-PC-VSTR-03:I,SR12A-PC-VSTR-03:SETI
1257,b1,SR12A-PC-Q1AB-05:I,SR12A-PC-Q1AB-05:SETI
1259,x,SR12C-DI-EBPM-04:SA:X,
1259,y,SR12C-DI-EBPM-04:SA:Y,
1262,b2,SR12A-PC-S1A-04:I,SR12A-PC-S1A-04:SETI
1263,b0,SR12A-PC-HSTR-04:I,SR12A-PC-HSTR-04:SETI
1264,b0,SR12A-PC-VSTR-04:I,SR12A-PC-VSTR-04:SETI
1267,b1,SR12A-PC-Q1AD-06:I,SR12A-PC-Q1AD-06:SETI
1270,b2,SR12A-PC-S2A-05:I,SR12A-PC-S2A-05:SETI
1271,b0,SR12A-PC-HSTR-05:I,SR12A-PC-HSTR-05:SETI
1272,b0,SR12A-PC-VSTR-05:I,SR12A-PC-VSTR-05:SETI
1275,b1,SR12A-PC-Q2AD-07:I,SR12A-PC-Q2AD-07:SETI
1277,x,SR12C-DI-EBPM-05:SA:X,
1277,y,SR12C-DI-EBPM-05:SA:Y,
1279,b0,SR-PC-DIPOL-01:I,SR-PC-DIPOL-01:SETI
1282,b2,SR12A-PC-S2D-06:I,SR12A-PC-S2D-06:SETI
1283,b0,SR12A-PC-HSTR-06:I,SR12A-PC-HSTR-06:SETI
1284,b0,SR12A-PC-VSTR-06:I,SR12A-PC-VSTR-06:SETI
1287,b1,SR12A-PC-Q3D-08:I,SR12A-PC-Q3D-08:SETI
1289,x,SR12C-DI-EBPM-06:SA:X,
1289,y,SR12C-DI-EBPM-06:SA:Y,
1291,b1,SR12A-PC-Q2D-09:I,SR12A-PC-Q2D-09:SETI
1294,b2,SR12A-PC-S1D-07:I,SR12A-PC-S1D-07:SETI
1295,b0,SR12A-PC-HSTR-07:I,SR12A-PC-HSTR-07:SETI
1296,b0,SR12A-PC-VSTR-07:I,SR12A-PC-VSTR-07:SETI
1299,b1,SR12A-PC-Q1D-10:I,SR12A-PC-Q1D-10:SETI
1301,b1,SR12A-PC-QUADF-01:I,SR12A-PC-QUADF-01:SETI
1307,x,SR12C-DI-EBPM-07:SA:X,
1307,y,SR12C-DI-EBPM-07:SA:Y,
1319,x,SR13S-DI-EBPM-01:SA:X,
1319,y,SR13S-DI-EBPM-01:SA:Y,
1321,b0,SR13S-PC-HSTR-01:I,SR13S-PC-HSTR-01:SETI
1322,b0,SR13S-PC-VSTR-01:I,SR13S-PC-VSTR-01:SETI
1328,b1,SR13S-PC-QUADD-02:I,SR13S-PC-QUADD-02:SETI
1330,b1,SR13S-PC-QUADF-03:I,SR13S-PC-QUADF-03:SETI
1332,x,SR13S-DI-EBPM-02:SA:X,
1332,y,SR13S-DI-EBPM-02:SA:Y,
1334,b0,SR13S-PC-HSTR-02:I,SR13S-PC-HSTR-02:SETI
1335,b0,SR13S-PC-VSTR-02:I,SR13S-PC-VSTR-02:SETI
1347,x,SR13C-DI-EBPM-01:SA:X,
1347,y,SR13C-DI-EBPM-01:SA:Y,
1353,b1,SR13A-PC-QUADF-04:I,SR13A-PC-QUADF-04:SETI
1355,b1,SR13A-PC-Q1D-01:I,SR13A-PC-Q1D-01:SETI
1358,b2,SR13A-PC-S1D-01:I,SR13A-PC-S1D-01:SETI
1359,b0,SR13A-PC-HSTR-01:I,SR13A-PC-HSTR-01:SETI
1360,b0,SR13A-PC-VSTR-01:I,SR13A-PC-VSTR-01:SETI
1363,b1,SR13A-PC-Q2D-02:I,SR13A-PC-Q2D-02:SETI
1365,b1,SR13A-PC-Q3D-03:I,SR13A-PC-Q3D-03:SETI
1368,b2,SR13A-PC-S2D-02:I,SR13A-PC-S2D-02:SETI
1369,b0,SR13A-PC-HSTR-02:I,SR13A-PC-HSTR-02:SETI
1370,b0,SR13A-PC-VSTR-02:I,SR13A-PC-VSTR-02:SETI
1373,x,SR13C-DI-EBPM-02:SA:X,
1373,y,SR13C-DI-EBPM-02:SA:Y,
1375,b0,SR-PC-DIPOL-01:I,SR-PC-DIPOL-01:SETI
1377,b1,SR13A-PC-Q2AD-04:I,SR13A-PC-Q2AD-04:SETI
1379,x,SR13C-DI-EBPM-03:SA:X,
1379,y,SR13C-DI-EBPM-03:SA:Y,
1382,b2,SR13A-PC-S2A-03:I,SR13A-PC-S2A-03:SETI
1383,b0,SR13A-PC-HSTR-03:I,SR13A-PC-HSTR-03:SETI
1384,b0,SR13A-PC-VSTR-03:I,SR13A-PC-VSTR-03:SETI
1387,b1,SR13A-PC-Q1AD-05:I,SR13A-PC-Q1AD-05:SETI
1389,x,SR13C-DI-EBPM-04:SA:X,
1389,y,SR13C-DI-EBPM-04:SA:Y,
1392,b2,SR13A-PC-S1A-04:I,SR13A-PC-S1A-04:SETI
1393,b0,SR13A-PC-HSTR-04:I,SR13A-PC-HSTR-04:SETI
1394,b0,SR13A-PC-VSTR-04:I,SR13A-PC-VSTR-04:SETI
1397,b1,SR13A-PC-Q1AB-06:I,SR13A-PC-Q1AB-06:SETI
1400,b2,SR13A-PC-S2A-05:I,SR13A-PC-S2A-05:SETI
1401,b0,SR13A-PC-HSTR-05:I,SR13A-PC-HSTR-05:SETI
1402,b0,SR13A-PC-VSTR-05:I,SR13A-PC-VSTR-05:SETI
1405,b1,SR13A-PC-Q2AB-07:I,SR13A-PC-Q2AB-07:SETI
1407,x,SR13C-DI-EBPM-05:SA:X,
1407,y,SR13C-DI-EBPM-05:SA:Y,
1409,b0,SR-PC-DIPOL-01:I,SR-PC-DIPOL-01:SETI
1412,b2,SR13A-PC-S2C-06:I,SR13A-PC-S2C-06:SETI
1413,b0,SR13A-PC-HSTR-06:I,SR13A-PC-HSTR-06:SETI
1414,b0,SR13A-PC-VSTR-06:I,SR13A-PC-VSTR-06:SETI
1417,b1,SR13A-PC-Q3B-08:I,SR13A-PC-Q3B-08:SETI
1419,x,SR13C-DI-EBPM-06:SA:X,
1419,y,SR13C-DI-EBPM-06:SA:Y,
1421,b1,SR13A-PC-Q2B-09:I,SR13A-PC-Q2B-09:SETI
1424,b2,SR13A-PC-S1C-07:I,SR13A-PC-S1C-07:SETI
1425,b0,SR13A-PC-HSTR-07:I,SR13A-PC-HSTR-07:SETI
1426,b0,SR13A-PC-VSTR-07:I,SR13A-PC-VSTR-07:SETI
1429,b1,SR13A-PC-Q1B-10:I,SR13A-PC-Q1B-10:SETI
1431,x,SR13C-DI-EBPM-07:SA:X,
1431,y,SR13C-DI-EBPM-07:SA:Y,
1445,x,SR14C-DI-EBPM-01:SA:X,
1445,y,SR14C-DI-EBPM-01:SA:Y,
1447,b1,SR14A-PC-Q1B-01:I,SR14A-PC-Q1B-01:SETI
1450,b2,SR14A-PC-S1B-01:I,SR14A-PC-S1B-01:SETI
1451,b0,SR14A-PC-HSTR-01:I,SR14A-PC-HSTR-01:SETI
1452,b0,SR14A-PC-VSTR-01:I,SR14A-PC-VSTR-01:SETI
1455,b1,SR14A-PC-Q2B-02:I,SR14A-PC-Q2B-02:SETI
1457,b1,SR14A-PC-Q3B-03:I,SR14A-PC-Q3B-03:SETI
1460,b2,SR14A-PC-S2B-02:I,SR14A-PC-S2B-02:SETI
1461,b0,SR14A-PC-HSTR-02:I,SR14A-PC-HSTR-02:SETI
1462,b0,SR14A-PC-VSTR-02:I,SR14A-PC-VSTR-02:SETI
1465,x,SR14C-DI-EBPM-02:SA:X,
1465,y,SR14C-DI-EBPM-02:SA:Y,
1467,b0,SR-PC-DIPOL-01:I,SR-PC-DIPOL-01:SETI
1469,b1,SR14A-PC-Q2AB-04:I,SR14A-PC-Q2AB-04:SETI
1471,x,SR14C-DI-EBPM-03:SA:X,
1471,y,SR14C-DI-EBPM-03:SA:Y,
1474,b2,SR14A-PC-S2A-03:I,SR14A-PC-S2A-03:SETI
1475,b0,SR14A-PC-HSTR-03:I,SR14A-PC-HSTR-03:SETI
1476,b0,SR14A-PC-VSTR-03:I,SR14A-PC-VSTR-03:SETI
1479,b1,SR14A-PC-Q1AB-05:I,SR14A-PC-Q1AB-05:SETI
1481,x,SR14C-DI-EBPM-04:SA:X,
1481,y,SR14C-DI-EBPM-04:SA:Y,
1484,b2,SR14A-PC-S1A-04:I,SR14A-PC-S1A-04:SETI
1485,b0,SR14A-PC-HSTR-04:I,SR14A-PC-HSTR-04:SETI
1486,b0,SR14A-PC-VSTR-04:I,SR14A-PC-VSTR-04:SETI
1489,b1,SR14A-PC-Q1AB-06:I,SR14A-PC-Q1AB-06:SETI
1492,b2,SR14A-PC-S2A-05:I,SR14A-PC-S2A-05:SETI
1493,b0,SR14A-PC-HSTR-05:I,SR14A-PC-HSTR-05:SETI
1494,b0,SR14A-PC-VSTR-05:I,SR14A-PC-VSTR-05:SETI
1497,b1,SR14A-PC-Q2AB-07:I,SR14A-PC-Q2AB-07:SETI
1499,x,SR14C-DI-EBPM-05:SA:X,
1499,y,SR14C-DI-EBPM-05:SA:Y,
1501,b0,SR-PC-DIPOL-01:I,SR-PC-DIPOL-01:SETI
1504,b2,SR14A-PC-S2B-06:I,SR14A-PC-S2B-06:SETI
1505,b0,SR14A-PC-HSTR-06:I,SR14A-PC-HSTR-06:SETI
1506,b0,SR14A-PC-VSTR-06:I,SR14A-PC-VSTR-06:SETI
1509,b1,SR14A-PC-Q3B-08:I,SR14A-PC-Q3B-08:SETI
1511,x,SR14C-DI-EBPM-06:SA:X,
1511,y,SR14C-DI-EBPM-06:SA:Y,
1513,b1,SR14A-PC-Q2B-09:I,SR14A-PC-Q2B-09:SETI
1516,b2,SR14A-PC-S1B-07:I,SR14A-PC-S1B-07:SETI
1517,b0,SR14A-PC-HSTR-07:I,SR14A-PC-HSTR-07:SETI
1518,b0,SR14A-PC-VSTR-07:I,SR14A-PC-VSTR-07:SETI
1521,b1,SR14A-PC-Q1B-10:I,SR14A-PC-Q1B-10:SETI
1523,x,SR14C-DI-EBPM-07:SA:X,
1523,y,SR14C-DI-EBPM-07:SA:Y,
1537,x,SR15C-DI-EBPM-01:SA:X,
1537,y,SR15C-DI-EBPM-01:SA:Y,
1539,b1,SR15A-PC-Q1B-01:I,SR15A-PC-Q1B-01:SETI
1542,b2,SR15A-PC-S1B-01:I,SR15A-PC-S1B-01:SETI
1543,b0,SR15A-PC-HSTR-01:I,SR15A-PC-HSTR-01:SETI
1544,b0,SR15A-PC-VSTR-01:I,SR15A-PC-VSTR-01:SETI
1547,b1,SR15A-PC-Q2B-02:I,SR15A-PC-Q2B-02:SETI
1549,b1,SR15A-PC-Q3B-03:I,SR15A-PC-Q3B-03:SETI
1552,b2,SR15A-PC-S2B-02:I,SR15A-PC-S2B-02:SETI
1553,b0,SR15A-PC-HSTR-02:I,SR15A-PC-HSTR-02:SETI
1554,b0,SR15A-PC-VSTR-02:I,SR15A-PC-VSTR-02:SETI
1557,x,SR15C-DI-EBPM-02:SA:X,
1557,y,SR15C-DI-EBPM-02:SA:Y,
1559,b0,SR-PC-DIPOL-01:I,SR-PC-DIPOL-01:SETI
1561,b1,SR15A-PC-Q2AB-04:I,SR15A-PC-Q2AB-04:SETI
1563,x,SR15C-DI-EBPM-03:SA:X,
1563,y,SR15C-DI-EBPM-03:SA:Y,
1566,b2,SR15A-PC-S2A-03:I,SR15A-PC-S2A-03:SETI
1567,b0,SR15A-PC-HSTR-03:I,SR15A-PC-HSTR-03:SETI
1568,b0,SR15A-PC-VSTR-03:I,SR15A-PC-VSTR-03:SETI
1571,b1,SR15A-PC-Q1AB-05:I,SR15A-PC-Q1AB-05:SETI
1573,x,SR15C-DI-EBPM-04:SA:X,
1573,y,SR15C-DI-EBPM-04:SA:Y,
1576,b2,SR15A-PC-S1A-04:I,SR15A-PC-S1A-04:SETI
1577,b0,SR15A-PC-HSTR-04:I,SR15A-PC-HSTR-04:SETI
1578,b0,SR15A-PC-VSTR-04:I,SR15A-PC-VSTR-04:SETI
1581,b1,SR15A-PC-Q1AB-06:I,SR15A-PC-Q1AB-06:SETI
1584,b2,SR15A-PC-S2A-05:I,SR15A-PC-S2A-05:SETI
1585,b0,SR15A-PC-HSTR-05:I,SR15A-PC-HSTR-05:SETI
1586,b0,SR15A-PC-VSTR-05:I,SR15A-PC-VSTR-05:SETI
1589,b1,SR15A-PC-Q2AB-07:I,SR15A-PC-Q2AB-07:SETI
1591,x,SR15C-DI-EBPM-05:SA:X,
1591,y,SR15C-DI-EBPM-05:SA:Y,
1593,b0,SR-PC-DIPOL-01:I,SR-PC-DIPOL-01:SETI
1596,b2,SR15A-PC-S2B-06:I,SR15A-PC-S2B-06:SETI
1597,b0,SR15A-PC-HSTR-06:I,SR15A-PC-HSTR-06:SETI
1598,b0,SR15A-PC-VSTR-06:I,SR15A-PC-VSTR-06:SETI
1601,b1,SR15A-PC-Q3B-08:I,SR15A-PC-Q3B-08:SETI
1603,x,SR15C-DI-EBPM-06:SA:X,
1603,y,SR15C-DI-EBPM-06:SA:Y,
1605,b1,SR15A-PC-Q2B-09:I,SR15A-PC-Q2B-09:SETI
1608,b2,SR15A-PC-S1B-07:I,SR15A-PC-S1B-07:SETI
1609,b0,SR15A-PC-HSTR-07:I,SR15A-PC-HSTR-07:SETI
1610,b0,SR15A-PC-VSTR-07:I,SR15A-PC-VSTR-07:SETI
1613,b1,SR15A-PC-Q1B-10:I,SR15A-PC-Q1B-10:SETI
1615,x,SR15C-DI-EBPM-07:SA:X,
1615,y,SR15C-DI-EBPM-07:SA:Y,
1631,x,SR16C-DI-EBPM-01:SA:X,
1631,y,SR16C-DI-EBPM-01:SA:Y,
1633,b1,SR16A-PC-Q1B-01:I,SR16A-PC-Q1B-01:SETI
1636,b2,SR16A-PC-S1C-01:I,SR16A-PC-S1C-01:SETI
1637,b0,SR16A-PC-HSTR-01:I,SR16A-PC-HSTR-01:SETI
1638,b0,SR16A-PC-VSTR-01:I,SR16A-PC-VSTR-01:SETI
1641,b1,SR16A-PC-Q2B-02:I,SR16A-PC-Q2B-02:SETI
1643,b1,SR16A-PC-Q3B-03:I,SR16A-PC-Q3B-03:SETI
1646,b2,SR16A-PC-S2C-02:I,SR16A-PC-S2C-02:SETI
1647,b0,SR16A-PC-HSTR-02:I,SR16A-PC-HSTR-02:SETI
1648,b0,SR16A-PC-VSTR-02:I,SR16A-PC-VSTR-02:SETI
1651,x,SR16C-DI-EBPM-02:SA:X,
1651,y,SR16C-DI-EBPM-02:SA:Y,
1653,b0,SR-PC-DIPOL-01:I,SR-PC-DIPOL-01:SETI
1655,b1,SR16A-PC-Q2AB-04:I,SR16A-PC-Q2AB-04:SETI
1657,x,SR16C-DI-EBPM-03:SA:X,
1657,y,SR16C-DI-EBPM-03:SA:Y,
1660,b2,SR16A-PC-S2A-03:I,SR16A-PC-S2A-03:SETI
1661,b0,SR16A-PC-HSTR-03:I,SR16A-PC-HSTR-03:SETI
1662,b0,SR16A-PC-VSTR-03:I,SR16A-PC-VSTR-03:SETI
1665,b1,SR16A-PC-Q1AB-05:I,SR16A-PC-Q1AB-05:SETI
1667,x,SR16C-DI-EBPM-04:SA:X,
1667,y,SR16C-DI-EBPM-04:SA:Y,
1670,b2,SR16A-PC-S1A-04:I,SR16A-PC-S1A-04:SETI
1671,b0,SR16A-PC-HSTR-04:I,SR16A-PC-HSTR-04:SETI
1672,b0,SR16A-PC-VSTR-04:I,SR16A-PC-VSTR-04:SETI
1675,b1,SR16A-PC-Q1AD-06:I,SR16A-PC-Q1AD-06:SETI
1678,b2,SR16A-PC-S2A-05:I,SR16A-PC-S2A-05:SETI
1679,b0,SR16A-PC-HSTR-05:I,SR16A-PC-HSTR-05:SETI
1680,b0,SR16A-PC-VSTR-05:I,SR16A-PC-VSTR-05:SETI
1683,b1,SR16A-PC-Q2AD-07:I,SR16A-PC-Q2AD-07:SETI
1685,x,SR16C-DI-EBPM-05:SA:X,
1685,y,SR16C-DI-EBPM-05:SA:Y,
1688,b0,SR-PC-DIPOL-01:I,SR-PC-DIPOL-01:SETI
1691,b2,SR16A-PC-S2D-06:I,SR16A-PC-S2D-06:SETI
1692,b0,SR16A-PC-HSTR-06:I,SR16A-PC-HSTR-06:SETI
1693,b0,SR16A-PC-VSTR-06:I,SR16A-PC-VSTR-06:SETI
1696,b1,SR16A-PC-Q3D-08:I,SR16A-PC-Q3D-08:SETI
1698,x,SR16C-DI-EBPM-06:SA:X,
1698,y,SR16C-DI-EBPM-06:SA:Y,
1700,b1,SR16A-PC-Q2D-09:I,SR16A-PC-Q2D-09:SETI
1703,b2,SR16A-PC-S1D-07:I,SR16A-PC-S1D-07:SETI
1704,b0,SR16A-PC-HSTR-07:I,SR16A-PC-HSTR-07:SETI
1705,b0,SR16A-PC-VSTR-07:I,SR16A-PC-VSTR-07:SETI
1708,b1,SR16A-PC-Q1D-10:I,SR16A-PC-Q1D-10:SETI
1710,x,SR16C-DI-EBPM-07:SA:X,
1710,y,SR16C-DI-EBPM-07:SA:Y,
1712,f,LI-RF-MOSC-01:FREQ,LI-RF-MOSC-01:FREQ_SET
1715,x,SR17C-DI-EBPM-01:SA:X,
1715,y,SR17C-DI-EBPM-01:SA:Y,
1717,b1,SR17A-PC-Q1D-01:I,SR17A-PC-Q1D-01:SETI
1720,b2,SR17A-PC-S1D-01:I,SR17A-PC-S1D-01:SETI
1721,b0,SR17A-PC-HSTR-01:I,SR17A-PC-HSTR-01:SETI
1722,b0,SR17A-PC-VSTR-01:I,SR17A-PC-VSTR-01:SETI
1725,b1,SR17A-PC-Q2D-02:I,SR17A-PC-Q2D-02:SETI
1727,b1,SR17A-PC-Q3D-03:I,SR17A-PC-Q3D-03:SETI
1730,b2,SR17A-PC-S2D-02:I,SR17A-PC-S2D-02:SETI
1731,b0,SR17A-PC-HSTR-02:I,SR17A-PC-HSTR-02:SETI
1732,b0,SR17A-PC-VSTR-02:I,SR17A-PC-VSTR-02:SETI
1735,x,SR17C-DI-EBPM-02:SA:X,
1735,y,SR17C-DI-EBPM-02:SA:Y,
1737,b0,SR-PC-DIPOL-01:I,SR-PC-DIPOL-01:SETI
1739,b1,SR17A-PC-Q2AD-04:I,SR17A-PC-Q2AD-04:SETI
1741,x,SR17C-DI-EBPM-03:SA:X,
1741,y,SR17C-DI-EBPM-03:SA:Y,
1744,b2,SR17A-PC-S2A-03:I,SR17A-PC-S2A-03:SETI
1745,b0,SR17A-PC-HSTR-03:I,SR17A-PC-HSTR-03:SETI
1746,b0,SR17A-PC-VSTR-03:I,SR17A-PC-VSTR-03:SETI
1749,b1,SR17A-PC-Q1AD-05:I,SR17A-PC-Q1AD-05:SETI
1751,x,SR17C-DI-EBPM-04:SA:X,
1751,y,SR17C-DI-EBPM-04:SA:Y,
1754,b2,SR17A-PC-S1A-04:I,SR17A-PC-S1A-04:SETI
1755,b0,SR17A-PC-HSTR-04:I,SR17A-PC-HSTR-04:SETI
1756,b0,SR17A-PC-VSTR-04:I,SR17A-PC-VSTR-04:SETI
1759,b1,SR17A-PC-Q1AB-06:I,SR17A-PC-Q1AB-06:SETI
1762,b2,SR17A-PC-S2A-05:I,SR17A-PC-S2A-05:SETI
1763,b0,SR17A-PC-HSTR-05:I,SR17A-PC-HSTR-05:SETI
1764,b0,SR17A-PC-VSTR-05:I,SR17A-PC-VSTR-05:SETI
1767,b1,SR17A-PC-Q2AB-07:I,SR17A-PC-Q2AB-07:SETI
1769,x,SR17C-DI-EBPM-05:SA:X,
1769,y,SR17C-DI-EBPM-05:SA:Y,
1771,b0,SR-PC-DIPOL-01:I,SR-PC-DIPOL-01:SETI
1774,b2,SR17A-PC-S2C-06:I,SR17A-PC-S2C-06:SETI
1775,b0,SR17A-PC-HSTR-06:I,SR17A-PC-HSTR-06:SETI
1776,b0,SR17A-PC-VSTR-06:I,SR17A-PC-VSTR-06:SETI
1779,b1,SR17A-PC-Q3B-08:I,SR17A-PC-Q3B-08:SETI
1781,x,SR17C-DI-EBPM-06:SA:X,
1781,y,SR17C-DI-EBPM-06:SA:Y,
1783,b1,SR17A-PC-Q2B-09:I,SR17A-PC-Q2B-09:SETI
1786,b2,SR17A-PC-S1C-07:I,SR17A-PC-S1C-07:SETI
1787,b0,SR17A-PC-HSTR-07:I,SR17A-PC-HSTR-07:SETI
1788,b0,SR17A-PC-VSTR-07:I,SR17A-PC-VSTR-07:SETI
1791,b1,SR17A-PC-Q1B-10:I,SR17A-PC-Q1B-10:SETI
1793,x,SR17C-DI-EBPM-07:SA:X,
1793,y,SR17C-DI-EBPM-07:SA:Y,
1809,x,SR18C-DI-EBPM-01:SA:X,
1809,y,SR18C-DI-EBPM-01:SA:Y,
1811,b1,SR18A-PC-Q1B-01:I,SR18A-PC-Q1B-01:SETI
1814,b2,SR18A-PC-S1B-01:I,SR18A-PC-S1B-01:SETI
1815,b0,SR18A-PC-HSTR-01:I,SR18A-PC-HSTR-01:SETI
1816,b0,SR18A-PC-VSTR-01:I,SR18A-PC-VSTR-01:SETI
1819,b1,SR18A-PC-Q2B-02:I,SR18A-PC-Q2B-02:SETI
1821,b1,SR18A-PC-Q3B-03:I,SR18A-PC-Q3B-03:SETI
1824,b2,SR18A-PC-S2B-02:I,SR18A-PC-S2B-02:SETI
1825,b0,SR18A-PC-HSTR-02:I,SR18A-PC-HSTR-02:SETI
1826,b0,SR18A-PC-VSTR-02:I,SR18A-PC-VSTR-02:SETI
1829,x,SR18C-DI-EBPM-02:SA:X,
1829,y,SR18C-DI-EBPM-02:SA:Y,
1831,b0,SR-PC-DIPOL-01:I,SR-PC-DIPOL-01:SETI
1833,b1,SR18A-PC-Q2AB-04:I,SR18A-PC-Q2AB-04:SETI
1835,x,SR18C-DI-EBPM-03:SA:X,
1835,y,SR18C-DI-EBPM-03:SA:Y,
1838,b2,SR18A-PC-S2A-03:I,SR18A-PC-S2A-03:SETI
1839,b0,SR18A-PC-HSTR-03:I,SR18A-PC-HSTR-03:SETI
1840,b0,SR18A-PC-VSTR-03:I,SR18A-PC-VSTR-03:SETI
1843,b1,SR18A-PC-Q1AB-05:I,SR18A-PC-Q1AB-05:SETI
1845,x,SR18C-DI-EBPM-04:SA:X,
1845,y,SR18C-DI-EBPM-04:SA:Y,
1848,b2,SR18A-PC-S1A-04:I,SR18A-PC-S1A-04:SETI
1849,b0,SR18A-PC-HSTR-04:I,SR18A-PC-HSTR-04:SETI
1850,b0,SR18A-PC-VSTR-04:I,SR18A-PC-VSTR-04:SETI
1853,b1,SR18A-PC-Q1AB-06:I,SR18A-PC-Q1AB-06:SETI
1856,b2,SR18A-PC-S2A-05:I,SR18A-PC-S2A-05:SETI
1857,b0,SR18A-PC-HSTR-05:I,SR18A-PC-HSTR-05:SETI
1858,b0,SR18A-PC-VSTR-05:I,SR18A-PC-VSTR-05:SETI
1861,b1,SR18A-PC-Q2AB-07:I,SR18A-PC-Q2AB-07:SETI
1863,x,SR18C-DI-EBPM-05:SA:X,
1863,y,SR18C-DI-EBPM-05:SA:Y,
1866,b0,SR-PC-DIPOL-01:I,SR-PC-DIPOL-01:SETI
1869,b2,SR18A-PC-S2B-06:I,SR18A-PC-S2B-06:SETI
1870,b0,SR18A-PC-HSTR-06:I,SR18A-PC-HSTR-06:SETI
1871,b0,SR18A-PC-VSTR-06:I,SR18A-PC-VSTR-06:SETI
1874,b1,SR18A-PC-Q3B-08:I,SR18A-PC-Q3B-08:SETI
1876,x,SR18C-DI-EBPM-06:SA:X,
1876,y,SR18C-DI-EBPM-06:SA:Y,
1878,b1,SR18A-PC-Q2B-09:I,SR18A-PC-Q2B-09:SETI
1881,b2,SR18A-PC-S1B-07:I,SR18A-PC-S1B-07:SETI
1882,b0,SR18A-PC-HSTR-07:I,SR18A-PC-HSTR-07:SETI
1883,b0,SR18A-PC-VSTR-07:I,SR18A-PC-VSTR-07:SETI
1886,b1,SR18A-PC-Q1B-10:I,SR18A-PC-Q1B-10:SETI
1888,x,SR18C-DI-EBPM-07:SA:X,
1888,y,SR18C-DI-EBPM-07:SA:Y,
1902,x,SR19C-DI-EBPM-01:SA:X,
1902,y,SR19C-DI-EBPM-01:SA:Y,
1904,b1,SR19A-PC-Q1B-01:I,SR19A-PC-Q1B-01:SETI
1907,b2,SR19A-PC-S1B-01:I,SR19A-PC-S1B-01:SETI
1908,b0,SR19A-PC-HSTR-01:I,SR19A-PC-HSTR-01:SETI
1909,b0,SR19A-PC-VSTR-01:I,SR19A-PC-VSTR-01:SETI
1912,b1,SR19A-PC-Q2B-02:I,SR19A-PC-Q2B-02:SETI
1914,b1,SR19A-PC-Q3B-03:I,SR19A-PC-Q3B-03:SETI
1917,b2,SR19A-PC-S2B-02:I,SR19A-PC-S2B-02:SETI
1918,b0,SR19A-PC-HSTR-02:I,SR19A-PC-HSTR-02:SETI
1919,b0,SR19A-PC-VSTR-02:I,SR19A-PC-VSTR-02:SETI
1922,x,SR19C-DI-EBPM-02:SA:X,
1922,y,SR19C-DI-EBPM-02:SA:Y,
1924,b0,SR-PC-DIPOL-01:I,SR-PC-DIPOL-01:SETI
1926,b1,SR19A-PC-Q2AB-04:I,SR19A-PC-Q2AB-04:SETI
1928,x,SR19C-DI-EBPM-03:SA:X,
1928,y,SR19C-DI-EBPM-03:SA:Y,
1931,b2,SR19A-PC-S2A-03:I,SR19A-PC-S2A-03:SETI
1932,b0,SR19A-PC-HSTR-03:I,SR19A-PC-HSTR-03:SETI
1933,b0,SR19A-PC-VSTR-03:I,SR19A-PC-VSTR-03:SETI
1936,b1,SR19A-PC-Q1AB-05:I,SR19A-PC-Q1AB-05:SETI
1938,x,SR19C-DI-EBPM-04:SA:X,
1938,y,SR19C-DI-EBPM-04:SA:Y,
1941,b2,SR19A-PC-S1A-04:I,SR19A-PC-S1A-04:SETI
1942,b0,SR19A-PC-HSTR-04:I,SR19A-PC-HSTR-04:SETI
1943,b0,SR19A-PC-VSTR-04:I,SR19A-PC-VSTR-04:SETI
1946,b1,SR19A-PC-Q1AB-06:I,SR19A-PC-Q1AB-06:SETI
1949,b2,SR19A-PC-S2A-05:I,SR19A-PC-S2A-05:SETI
1950,b0,SR19A-PC-HSTR-05:I,SR19A-PC-HSTR-05:SETI
1951,b0,SR19A-PC-VSTR-05:I,SR19A-PC-VSTR-05:SETI
1954,b1,SR19A-PC-Q2AB-07:I,SR19A-PC-Q2AB-07:SETI
1956,x,SR19C-DI-EBPM-05:SA:X,
1956,y,SR19C-DI-EBPM-05:SA:Y,
1958,b0,SR-PC-DIPOL-01:I,SR-PC-DIPOL-01:SETI
1961,b2,SR19A-PC-S2B-06:I,SR19A-PC-S2B-06:SETI
1962,b0,SR19A-PC-HSTR-06:I,SR19A-PC-HSTR-06:SETI
1963,b0,SR19A-PC-VSTR-06:I,SR19A-PC-VSTR-06:SETI
1966,b1,SR19A-PC-Q3B-08:I,SR19A-PC-Q3B-08:SETI
1968,x,SR19C-DI-EBPM-06:SA:X,
1968,y,SR19C-DI-EBPM-06:SA:Y,
1970,b1,SR19A-PC-Q2B-09:I,SR19A-PC-Q2B-09:SETI
1973,b2,SR19A-PC-S1B-07:I,SR19A-PC-S1B-07:SETI
1974,b0,SR19A-PC-HSTR-07:I,SR19A-PC-HSTR-07:SETI
1975,b0,SR19A-PC-VSTR-07:I,SR19A-PC-VSTR-07:SETI
1978,b1,SR19A-PC-Q1B-10:I,SR19A-PC-Q1B-10:SETI
1980,x,SR19C-DI-EBPM-07:SA:X,
1980,y,SR19C-DI-EBPM-07:SA:Y,
2024,x,SR20C-DI-EBPM-01:SA:X,
2024,y,SR20C-DI-EBPM-01:SA:Y,
2027,b1,SR20A-PC-Q1B-01:I,SR20A-PC-Q1B-01:SETI
2030,b2,SR20A-PC-S1C-01:I,SR20A-PC-S1C-01:SETI
2031,b0,SR20A-PC-HSTR-01:I,SR20A-PC-HSTR-01:SETI
2032,b0,SR20A-PC-VSTR-01:I,SR20A-PC-VSTR-01:SETI
2035,b1,SR20A-PC-Q2B-02:I,SR20A-PC-Q2B-02:SETI
2037,b1,SR20A-PC-Q3B-03:I,SR20A-PC-Q3B-03:SETI
2040,b2,SR20A-PC-S2C-02:I,SR20A-PC-S2C-02:SETI
2041,b0,SR20A-PC-HSTR-02:I,SR20A-PC-HSTR-02:SETI
2042,b0,SR20A-PC-VSTR-02:I,SR20A-PC-VSTR-02:SETI
2045,x,SR20C-DI-EBPM-02:SA:X,
2045,y,SR20C-DI-EBPM-02:SA:Y,
2047,b0,SR-PC-DIPOL-01:I,SR-PC-DIPOL-01:SETI
2049,b1,SR20A-PC-Q2AB-04:I,SR20A-PC-Q2AB-04:SETI
2051,x,SR20C-DI-EBPM-03:SA:X,
2051,y,SR20C-DI-EBPM-03:SA:Y,
2054,b2,SR20A-PC-S2A-03:I,SR20A-PC-S2A-03:SETI
2055,b0,SR20A-PC-HSTR-03:I,SR20A-PC-HSTR-03:SETI
2056,b0,SR20A-PC-VSTR-03:I,SR20A-PC-VSTR-03:SETI
2059,b1,SR20A-PC-Q1AB-05:I,SR20A-PC-Q1AB-05:SETI
2061,x,SR20C-DI-EBPM-04:SA:X,
2061,y,SR20C-DI-EBPM-04:SA:Y,
2064,b2,SR20A-PC-S1A-04:I,SR20A-PC-S1A-04:SETI
2065,b0,SR20A-PC-HSTR-04:I,SR20A-PC-HSTR-04:SETI
2066,b0,SR20A-PC-VSTR-04:I,SR20A-PC-VSTR-04:SETI
2069,b1,SR20A-PC-Q1AD-06:I,SR20A-PC-Q1AD-06:SETI
2072,b2,SR20A-PC-S2A-05:I,SR20A-PC-S2A-05:SETI
2073,b0,SR20A-PC-HSTR-05:I,SR20A-PC-HSTR-05:SETI
2074,b0,SR20A-PC-VSTR-05:I,SR20A-PC-VSTR-05:SETI
2077,b1,SR20A-PC-Q2AD-07:I,SR20A-PC-Q2AD-07:SETI
2079,x,SR20C-DI-EBPM-05:SA:X,
2079,y,SR20C-DI-EBPM-05:SA:Y,
2081,b0,SR-PC-DIPOL-01:I,SR-PC-DIPOL-01:SETI
2084,b2,SR20A-PC-S2D-06:I,SR20A-PC-S2D-06:SETI
2085,b0,SR20A-PC-HSTR-06:I,SR20A-PC-HSTR-06:SETI
2086,b0,SR20A-PC-VSTR-06:I,SR20A-PC-VSTR-06:SETI
2089,b1,SR20A-PC-Q3D-08:I,SR20A-PC-Q3D-08:SETI
2091,x,SR20C-DI-EBPM-06:SA:X,
2091,y,SR20C-DI-EBPM-06:SA:Y,
2093,b1,SR20A-PC-Q2D-09:I,SR20A-PC-Q2D-09:SETI
2096,b2,SR20A-PC-S1D-07:I,SR20A-PC-S1D-07:SETI
2097,b0,SR20A-PC-HSTR-07:I,SR20A-PC-HSTR-07:SETI
2098,b0,SR20A-PC-VSTR-07:I,SR20A-PC-VSTR-07:SETI
2101,b1,SR20A-PC-Q1D-10:I,SR20A-PC-Q1D-10:SETI
2103,x,SR20C-DI-EBPM-07:SA:X,
2103,y,SR20C-DI-EBPM-07:SA:Y,
2117,x,SR21C-DI-EBPM-01:SA:X,
2117,y,SR21C-DI-EBPM-01:SA:Y,
2119,b1,SR21A-PC-Q1D-01:I,SR21A-PC-Q1D-01:SETI
2122,b2,SR21A-PC-S1D-01:I,SR21A-PC-S1D-01:SETI
2123,b0,SR21A-PC-HSTR-01:I,SR21A-PC-HSTR-01:SETI
2124,b0,SR21A-PC-VSTR-01:I,SR21A-PC-VSTR-01:SETI
2127,b1,SR21A-PC-Q2D-02:I,SR21A-PC-Q2D-02:SETI
2129,b1,SR21A-PC-Q3D-03:I,SR21A-PC-Q3D-03:SETI
2132,b2,SR21A-PC-S2D-02:I,SR21A-PC-S2D-02:SETI
2133,b0,SR21A-PC-HSTR-02:I,SR21A-PC-HSTR-02:SETI
2134,b0,SR21A-PC-VSTR-02:I,SR21A-PC-VSTR-02:SETI
2137,x,SR21C-DI-EBPM-02:SA:X,
2137,y,SR21C-DI-EBPM-02:SA:Y,
2139,b0,SR-PC-DIPOL-01:I,SR-PC-DIPOL-01:SETI
2141,b1,SR21A-PC-Q2AD-04:I,SR21A-PC-Q2AD-04:SETI
2143,x,SR21C-DI-EBPM-03:SA:X,
2143,y,SR21C-DI-EBPM-03:SA:Y,
2146,b2,SR21A-PC-S2A-03:I,SR21A-PC-S2A-03:SETI
2147,b0,SR21A-PC-HSTR-03:I,SR21A-PC-HSTR-03:SETI
2148,b0,SR21A-PC-VSTR-03:I,SR21A-PC-VSTR-03:SETI
2151,b1,SR21A-PC-Q1AD-05:I,SR21A-PC-Q1AD-05:SETI
2153,x,SR21C-DI-EBPM-04:SA:X,
2153,y,SR21C-DI-EBPM-04:SA:Y,
2156,b2,SR21A-PC-S1A-04:I,SR21A-PC-S1A-04:SETI
2157,b0,SR21A-PC-HSTR-04:I,SR21A-PC-HSTR-04:SETI
2158,b0,SR21A-PC-VSTR-04:I,SR21A-PC-VSTR-04:SETI
2161,b1,SR21A-PC-Q1AB-06:I,SR21A-PC-Q1AB-06:SETI
2164,b2,SR21A-PC-S2A-05:I,SR21A-PC-S2A-05:SETI
2165,b0,SR21A-PC-HSTR-05:I,SR21A-PC-HSTR-05:SETI
2166,b0,SR21A-PC-VSTR-05:I,SR21A-PC-VSTR-05:SETI
2169,b1,SR21A-PC-Q2AB-07:I,SR21A-PC-Q2AB-07:SETI
2171,x,SR21C-DI-EBPM-05:SA:X,
2171,y,SR21C-DI-EBPM-05:SA:Y,
2174,b0,SR-PC-DIPOL-01:I,SR-PC-DIPOL-01:SETI
2177,b2,SR21A-PC-S2C-06:I,SR21A-PC-S2C-06:SETI
2178,b0,SR21A-PC-HSTR-06:I,SR21A-PC-HSTR-06:SETI
2179,b0,SR21A-PC-VSTR-06:I,SR21A-PC-VSTR-06:SETI
2182,b1,SR21A-PC-Q3B-08:I,SR21A-PC-Q3B-08:SETI
2184,x,SR21C-DI-EBPM-06:SA:X,
2184,y,SR21C-DI-EBPM-06:SA:Y,
2186,b1,SR21A-PC-Q2B-09:I,SR21A-PC-Q2B-09:SETI
2189,b2,SR21A-PC-S1C-07:I,SR21A-PC-S1C-07:SETI
2190,b0,SR21A-PC-HSTR-07:I,SR21A-PC-HSTR-07:SETI
2191,b0,SR21A-PC-VSTR-07:I,SR21A-PC-VSTR-07:SETI
2194,b1,SR21A-PC-Q1B-10:I,SR21A-PC-Q1B-10:SETI
2196,x,SR21C-DI-EBPM-07:SA:X,
2196,y,SR21C-DI-EBPM-07:SA:Y,
2210,x,SR22C-DI-EBPM-01:SA:X,
2210,y,SR22C-DI-EBPM-01:SA:Y,
2212,b1,SR22A-PC-Q1B-01:I,SR22A-PC-Q1B-01:SETI
2215,b2,SR22A-PC-S1B-01:I,SR22A-PC-S1B-01:SETI
2216,b0,SR22A-PC-HSTR-01:I,SR22A-PC-HSTR-01:SETI
2217,b0,SR22A-PC-VSTR-01:I,SR22A-PC-VSTR-01:SETI
2220,b1,SR22A-PC-Q2B-02:I,SR22A-PC-Q2B-02:SETI
2222,b1,SR22A-PC-Q3B-03:I,SR22A-PC-Q3B-03:SETI
2225,b2,SR22A-PC-S2B-02:I,SR22A-PC-S2B-02:SETI
2226,b0,SR22A-PC-HSTR-02:I,SR22A-PC-HSTR-02:SETI
2227,b0,SR22A-PC-VSTR-02:I,SR22A-PC-VSTR-02:SETI
2230,x,SR22C-DI-EBPM-02:SA:X,
2230,y,SR22C-DI-EBPM-02:SA:Y,
2232,b0,SR-PC-DIPOL-01:I,SR-PC-DIPOL-01:SETI
2234,b1,SR22A-PC-Q2AB-04:I,SR22A-PC-Q2AB-04:SETI
2236,x,SR22C-DI-EBPM-03:SA:X,
2236,y,SR22C-DI-EBPM-03:SA:Y,
2239,b2,SR22A-PC-S2A-03:I,SR22A-PC-S2A-03:SETI
2240,b0,SR22A-PC-HSTR-03:I,SR22A-PC-HSTR-03:SETI
2241,b0,SR22A-PC-VSTR-03:I,SR22A-PC-VSTR-03:SETI
2244,b1,SR22A-PC-Q1AB-05:I,SR22A-PC-Q1AB-05:SETI
2246,x,SR22C-DI-EBPM-04:SA:X,
2246,y,SR22C-DI-EBPM-04:SA:Y,
2249,b2,SR22A-PC-S1A-04:I,SR22A-PC-S1A-04:SETI
2250,b0,SR22A-PC-HSTR-04:I,SR22A-PC-HSTR-04:SETI
2251,b0,SR22A-PC-VSTR-04:I,SR22A-PC-VSTR-04:SETI
2254,b1,SR22A-PC-Q1AB-06:I,SR22A-PC-Q1AB-06:SETI
2257,b2,SR22A-PC-S2A-05:I,SR22A-PC-S2A-05:SETI
2258,b0,SR22A-PC-HSTR-05:I,SR22A-PC-HSTR-05:SETI
2259,b0,SR22A-PC-VSTR-05:I,SR22A-PC-VSTR-05:SETI
2262,b1,SR22A-PC-Q2AB-07:I,SR22A-PC-Q2AB-07:SETI
2264,x,SR22C-DI-EBPM-05:SA:X,
2264,y,SR22C-DI-EBPM-05:SA:Y,
2267,b0,SR-PC-DIPOL-01:I,SR-PC-DIPOL-01:SETI
2270,b2,SR22A-PC-S2B-06:I,SR22A-PC-S2B-06:SETI
2271,b0,SR22A-PC-HSTR-06:I,SR22A-PC-HSTR-06:SETI
2272,b0,SR22A-PC-VSTR-06:I,SR22A-PC-VSTR-06:SETI
2275,b1,SR22A-PC-Q3B-08:I,SR22A-PC-Q3B-08:SETI
2277,x,SR22C-DI-EBPM-06:SA:X,
2277,y,SR22C-DI-EBPM-06:SA:Y,
2279,b1,SR22A-PC-Q2B-09:I,SR22A-PC-Q2B-09:SETI
2282,b2,SR22A-PC-S1B-07:I,SR22A-PC-S1B-07:SETI
2283,b0,SR22A-PC-HSTR-07:I,SR22A-PC-HSTR-07:SETI
2284,b0,SR22A-PC-VSTR-07:I,SR22A-PC-VSTR-07:SETI
2287,b1,SR22A-PC-Q1B-10:I,SR22A-PC-Q1B-10:SETI
2289,x,SR22C-DI-EBPM-07:SA:X,
2289,y,SR22C-DI-EBPM-07:SA:Y,
2303,x,SR23C-DI-EBPM-01:SA:X,
2303,y,SR23C-DI-EBPM-01:SA:Y,
2305,b1,SR23A-PC-Q1B-01:I,SR23A-PC-Q1B-01:SETI
2308,b2,SR23A-PC-S1B-01:I,SR23A-PC-S1B-01:SETI
2309,b0,SR23A-PC-HSTR-01:I,SR23A-PC-HSTR-01:SETI
2310,b0,SR23A-PC-VSTR-01:I,SR23A-PC-VSTR-01:SETI
2313,b1,SR23A-PC-Q2B-02:I,SR23A-PC-Q2B-02:SETI
2315,b1,SR23A-PC-Q3B-03:I,SR23A-PC-Q3B-03:SETI
2318,b2,SR23A-PC-S2B-02:I,SR23A-PC-S2B-02:SETI
2319,b0,SR23A-PC-HSTR-02:I,SR23A-PC-HSTR-02:SETI
2320,b0,SR23A-PC-VSTR-02:I,SR23A-PC-VSTR-02:SETI
2323,x,SR23C-DI-EBPM-02:SA:X,
2323,y,SR23C-DI-EBPM-02:SA:Y,
2325,b0,SR-PC-DIPOL-01:I,SR-PC-DIPOL-01:SETI
2327,b1,SR23A-PC-Q2AB-04:I,SR23A-PC-Q2AB-04:SETI
2329,x,SR23C-DI-EBPM-03:SA:X,
2329,y,SR23C-DI-EBPM-03:SA:Y,
2332,b2,SR23A-PC-S2A-03:I,SR23A-PC-S2A-03:SETI
2333,b0,SR23A-PC-HSTR-03:I,SR23A-PC-HSTR-03:SETI
2334,b0,SR23A-PC-VSTR-03:I,SR23A-PC-VSTR-03:SETI
2337,b1,SR23A-PC-Q1AB-05:I,SR23A-PC-Q1AB-05:SETI
2339,x,SR23C-DI-EBPM-04:SA:X,
2339,y,SR23C-DI-EBPM-04:SA:Y,
2342,b2,SR23A-PC-S1A-04:I,SR23A-PC-S1A-04:SETI
2343,b0,SR23A-PC-HSTR-04:I,SR23A-PC-HSTR-04:SETI
2344,b0,SR23A-PC-VSTR-04:I,SR23A-PC-VSTR-04:SETI
2347,b1,SR23A-PC-Q1AB-06:I,SR23A-PC-Q1AB-06:SETI
2350,b2,SR23A-PC-S2A-05:I,SR23A-PC-S2A-05:SETI
2351,b0,SR23A-PC-HSTR-05:I,SR23A-PC-HSTR-05:SETI
2352,b0,SR23A-PC-VSTR-05:I,SR23A-PC-VSTR-05:SETI
2355,b1,SR23A-PC-Q2AB-07:I,SR23A-PC-Q2AB-07:SETI
2357,x,SR23C-DI-EBPM-05:SA:X,
2357,y,SR23C-DI-EBPM-05:SA:Y,
2360,b0,SR-PC-DIPOL-01:I,SR-PC-DIPOL-01:SETI
2363,b2,SR23A-PC-S2B-06:I,SR23A-PC-S2B-06:SETI
2364,b0,SR23A-PC-HSTR-06:I,SR23A-PC-HSTR-06:SETI
2365,b0,SR23A-PC-VSTR-06:I,SR23A-PC-VSTR-06:SETI
2368,b1,SR23A-PC-Q3B-08:I,SR23A-PC-Q3B-08:SETI
2370,x,SR23C-DI-EBPM-06:SA:X,
2370,y,SR23C-DI-EBPM-06:SA:Y,
2372,b1,SR23A-PC-Q2B-09:I,SR23A-PC-Q2B-09:SETI
2375,b2,SR23A-PC-S1B-07:I,SR23A-PC-S1B-07:SETI
2376,b0,SR23A-PC-HSTR-07:I,SR23A-PC-HSTR-07:SETI
2377,b0,SR23A-PC-VSTR-07:I,SR23A-PC-VSTR-07:SETI
2380,b1,SR23A-PC-Q1B-10:I,SR23A-PC-Q1B-10:SETI
2382,x,SR23C-DI-EBPM-07:SA:X,
2382,y,SR23C-DI-EBPM-07:SA:Y,
2396,x,SR24C-DI-EBPM-01:SA:X,
2396,y,SR24C-DI-EBPM-01:SA:Y,
2398,b1,SR24A-PC-Q1B-01:I,SR24A-PC-Q1B-01:SETI
2401,b2,SR24A-PC-S1C-01:I,SR24A-PC-S1C-01:SETI
2402,b0,SR24A-PC-HSTR-01:I,SR24A-PC-HSTR-01:SETI
2403,b0,SR24A-PC-VSTR-01:I,SR24A-PC-VSTR-01:SETI
2406,b1,SR24A-PC-Q2B-02:I,SR24A-PC-Q2B-02:SETI
2408,b1,SR24A-PC-Q3B-03:I,SR24A-PC-Q3B-03:SETI
2411,b2,SR24A-PC-S2C-02:I,SR24A-PC-S2C-02:SETI
2412,b0,SR24A-PC-HSTR-02:I,SR24A-PC-HSTR-02:SETI
2413,b0,SR24A-PC-VSTR-02:I,SR24A-PC-VSTR-02:SETI
2416,x,SR24C-DI-EBPM-02:SA:X,
2416,y,SR24C-DI-EBPM-02:SA:Y,
2418,b0,SR-PC-DIPOL-01:I,SR-PC-DIPOL-01:SETI
2420,b1,SR24A-PC-Q2AB-04:I,SR24A-PC-Q2AB-04:SETI
2422,x,SR24C-DI-EBPM-03:SA:X,
2422,y,SR24C-DI-EBPM-03:SA:Y,
2425,b2,SR24A-PC-S2A-03:I,SR24A-PC-S2A-03:SETI
2426,b0,SR24A-PC-HSTR-03:I,SR24A-PC-HSTR-03:SETI
2427,b0,SR24A-PC-VSTR-03:I,SR24A-PC-VSTR-03:SETI
2430,b1,SR24A-PC-Q1AB-05:I,SR24A-PC-Q1AB-05:SETI
2432,x,SR24C-DI-EBPM-04:SA:X,
2432,y,SR24C-DI-EBPM-04:SA:Y,
2435,b2,SR24A-PC-S1A-04:I,SR24A-PC-S1A-04:SETI
2436,b0,SR24A-PC-HSTR-04:I,SR24A-PC-HSTR-04:SETI
2437,b0,SR24A-PC-VSTR-04:I,SR24A-PC-VSTR-04:SETI
2440,b1,SR24A-PC-Q1AD-06:I,SR24A-PC-Q1AD-06:SETI
2443,b2,SR24A-PC-S2A-05:I,SR24A-PC-S2A-05:SETI
2444,b0,SR24A-PC-HSTR-05:I,SR24A-PC-HSTR-05:SETI
2445,b0,SR24A-PC-VSTR-05:I,SR24A-PC-VSTR-05:SETI
2448,b1,SR24A-PC-Q2AD-07:I,SR24A-PC-Q2AD-07:SETI
2450,x,SR24C-DI-EBPM-05:SA:X,
2450,y,SR24C-DI-EBPM-05:SA:Y,
2453,b0,SR-PC-DIPOL-01:I,SR-PC-DIPOL-01:SETI
2456,b2,SR24A-PC-S2D-06:I,SR24A-PC-S2D-06:SETI
2457,b0,SR24A-PC-HSTR-06:I,SR24A-PC-HSTR-06:SETI
2458,b0,SR24A-PC-VSTR-06:I,SR24A-PC-VSTR-06:SETI
2461,b1,SR24A-PC-Q3D-08:I,SR24A-PC-Q3D-08:SETI
2463,x,SR24C-DI-EBPM-06:SA:X,
2463,y,SR24C-DI-EBPM-06:SA:Y,
2465,b1,SR24A-PC-Q2D-09:I,SR24A-PC-Q2D-09:SETI
2468,b2,SR24A-PC-S1D-07:I,SR24A-PC-S1D-07:SETI
2469,b0,SR24A-PC-HSTR-07:I,SR24A-PC-HSTR-07:SETI
2470,b0,SR24A-PC-VSTR-07:I,SR24A-PC-VSTR-07:SETI
2473,b1,SR24A-PC-Q1D-10:I,SR24A-PC-Q1D-10:SETI
2475,x,SR24C-DI-EBPM-07:SA:X,
2475,y,SR24C-DI-EBPM-07:SA:Y,
8,a1,SR01A-PC-SQUAD-01:SETI,SR01A-PC-SQUAD-01:I
32,a1,SR01A-PC-SQUAD-02:SETI,SR01A-PC-SQUAD-02:I
50,a1,SR01A-PC-SQUAD-03:SETI,SR01A-PC-SQUAD-03:I
74,a1,SR01A-PC-SQUAD-04:SETI,SR01A-PC-SQUAD-04:I
115,a1,SR02A-PC-SQUAD-01:SETI,SR02A-PC-SQUAD-01:I
142,a1,SR02A-PC-SQUAD-02:SETI,SR02A-PC-SQUAD-02:I
148,a1,SR02A-PC-SQUAD-03:SETI,SR02A-PC-SQUAD-03:I
199,a1,SR02A-PC-SQUAD-04:SETI,SR02A-PC-SQUAD-04:I
205,a1,SR02A-PC-SQUAD-05:SETI,SR02A-PC-SQUAD-05:I
226,a1,SR02A-PC-SQUAD-06:SETI,SR02A-PC-SQUAD-06:I
271,a1,SR03A-PC-SQUAD-01:SETI,SR03A-PC-SQUAD-01:I
295,a1,SR03A-PC-SQUAD-02:SETI,SR03A-PC-SQUAD-02:I
313,a1,SR03A-PC-SQUAD-03:SETI,SR03A-PC-SQUAD-03:I
337,a1,SR03A-PC-SQUAD-04:SETI,SR03A-PC-SQUAD-04:I
387,a1,SR04A-PC-SQUAD-01:SETI,SR04A-PC-SQUAD-01:I
411,a1,SR04A-PC-SQUAD-02:SETI,SR04A-PC-SQUAD-02:I
429,a1,SR04A-PC-SQUAD-03:SETI,SR04A-PC-SQUAD-03:I
453,a1,SR04A-PC-SQUAD-04:SETI,SR04A-PC-SQUAD-04:I
482,a1,SR05A-PC-SQUAD-01:SETI,SR05A-PC-SQUAD-01:I
506,a1,SR05A-PC-SQUAD-02:SETI,SR05A-PC-SQUAD-02:I
524,a1,SR05A-PC-SQUAD-03:SETI,SR05A-PC-SQUAD-03:I
548,a1,SR05A-PC-SQUAD-04:SETI,SR05A-PC-SQUAD-04:I
587,a1,SR06A-PC-SQUAD-01:SETI,SR06A-PC-SQUAD-01:I
611,a1,SR06A-PC-SQUAD-02:SETI,SR06A-PC-SQUAD-02:I
629,a1,SR06A-PC-SQUAD-03:SETI,SR06A-PC-SQUAD-03:I
653,a1,SR06A-PC-SQUAD-04:SETI,SR06A-PC-SQUAD-04:I
693,a1,SR07A-PC-SQUAD-01:SETI,SR07A-PC-SQUAD-01:I
717,a1,SR07A-PC-SQUAD-02:SETI,SR07A-PC-SQUAD-02:I
735,a1,SR07A-PC-SQUAD-03:SETI,SR07A-PC-SQUAD-03:I
760,a1,SR07A-PC-SQUAD-04:SETI,SR07A-PC-SQUAD-04:I
786,a1,SR08A-PC-SQUAD-01:SETI,SR08A-PC-SQUAD-01:I
810,a1,SR08A-PC-SQUAD-02:SETI,SR08A-PC-SQUAD-02:I
828,a1,SR08A-PC-SQUAD-03:SETI,SR08A-PC-SQUAD-03:I
852,a1,SR08A-PC-SQUAD-04:SETI,SR08A-PC-SQUAD-04:I
916,a1,SR09A-PC-SQUAD-01:SETI,SR09A-PC-SQUAD-01:I
940,a1,SR09A-PC-SQUAD-02:SETI,SR09A-PC-SQUAD-02:I
958,a1,SR09A-PC-SQUAD-03:SETI,SR09A-PC-SQUAD-03:I
982,a1,SR09A-PC-SQUAD-04:SETI,SR09A-PC-SQUAD-04:I
1044,a1,SR10A-PC-SQUAD-01:SETI,SR10A-PC-SQUAD-01:I
1068,a1,SR10A-PC-SQUAD-02:SETI,SR10A-PC-SQUAD-02:I
1086,a1,SR10A-PC-SQUAD-03:SETI,SR10A-PC-SQUAD-03:I
1110,a1,SR10A-PC-SQUAD-04:SETI,SR10A-PC-SQUAD-04:I
1136,a1,SR11A-PC-SQUAD-01:SETI,SR11A-PC-SQUAD-01:I
1160,a1,SR11A-PC-SQUAD-02:SETI,SR11A-PC-SQUAD-02:I
1178,a1,SR11A-PC-SQUAD-03:SETI,SR11A-PC-SQUAD-03:I
1202,a1,SR11A-PC-SQUAD-04:SETI,SR11A-PC-SQUAD-04:I
1228,a1,SR12A-PC-SQUAD-01:SETI,SR12A-PC-SQUAD-01:I
1252,a1,SR12A-PC-SQUAD-02:SETI,SR12A-PC-SQUAD-02:I
1270,a1,SR12A-PC-SQUAD-03:SETI,SR12A-PC-SQUAD-03:I
1294,a1,SR12A-PC-SQUAD-04:SETI,SR12A-PC-SQUAD-04:I
1358,a1,SR13A-PC-SQUAD-01:SETI,SR13A-PC-SQUAD-01:I
1382,a1,SR13A-PC-SQUAD-02:SETI,SR13A-PC-SQUAD-02:I
1400,a1,SR13A-PC-SQUAD-03:SETI,SR13A-PC-SQUAD-03:I
1424,a1,SR13A-PC-SQUAD-04:SETI,SR13A-PC-SQUAD-04:I
1450,a1,SR14A-PC-SQUAD-01:SETI,SR14A-PC-SQUAD-01:I
1474,a1,SR14A-PC-SQUAD-02:SETI,SR14A-PC-SQUAD-02:I
1492,a1,SR14A-PC-SQUAD-03:SETI,SR14A-PC-SQUAD-03:I
1516,a1,SR14A-PC-SQUAD-04:SETI,SR14A-PC-SQUAD-04:I
1542,a1,SR15A-PC-SQUAD-01:SETI,SR15A-PC-SQUAD-01:I
1566,a1,SR15A-PC-SQUAD-02:SETI,SR15A-PC-SQUAD-02:I
1584,a1,SR15A-PC-SQUAD-03:SETI,SR15A-PC-SQUAD-03:I
1608,a1,SR15A-PC-SQUAD-04:SETI,SR15A-PC-SQUAD-04:I
1636,a1,SR16A-PC-SQUAD-01:SETI,SR16A-PC-SQUAD-01:I
1660,a1,SR16A-PC-SQUAD-02:SETI,SR16A-PC-SQUAD-02:I
1678,a1,SR16A-PC-SQUAD-03:SETI,SR16A-PC-SQUAD-03:I
1703,a1,SR16A-PC-SQUAD-04:SETI,SR16A-PC-SQUAD-04:I
1720,a1,SR17A-PC-SQUAD-01:SETI,SR17A-PC-SQUAD-01:I
1744,a1,SR17A-PC-SQUAD-02:SETI,SR17A-PC-SQUAD-02:I
1762,a1,SR17A-PC-SQUAD-03:SETI,SR17A-PC-SQUAD-03:I
1786,a1,SR17A-PC-SQUAD-04:SETI,SR17A-PC-SQUAD-04:I
1814,a1,SR18A-PC-SQUAD-01:SETI,SR18A-PC-SQUAD-01:I
1838,a1,SR18A-PC-SQUAD-02:SETI,SR18A-PC-SQUAD-02:I
1856,a1,SR18A-PC-SQUAD-03:SETI,SR18A-PC-SQUAD-03:I
1881,a1,SR18A-PC-SQUAD-04:SETI,SR18A-PC-SQUAD-04:I
1907,a1,SR19A-PC-SQUAD-01:SETI,SR19A-PC-SQUAD-01:I
1931,a1,SR19A-PC-SQUAD-02:SETI,SR19A-PC-SQUAD-02:I
1949,a1,SR19A-PC-SQUAD-03:SETI,SR19A-PC-SQUAD-03:I
1973,a1,SR19A-PC-SQUAD-04:SETI,SR19A-PC-SQUAD-04:I
2030,a1,SR20A-PC-SQUAD-01:SETI,SR20A-PC-SQUAD-01:I
2054,a1,SR20A-PC-SQUAD-02:SETI,SR20A-PC-SQUAD-02:I
2072,a1,SR20A-PC-SQUAD-03:SETI,SR20A-PC-SQUAD-03:I
2096,a1,SR20A-PC-SQUAD-04:SETI,SR20A-PC-SQUAD-04:I
2122,a1,SR21A-PC-SQUAD-01:SETI,SR21A-PC-SQUAD-01:I
2146,a1,SR21A-PC-SQUAD-02:SETI,SR21A-PC-SQUAD-02:I
2164,a1,SR21A-PC-SQUAD-03:SETI,SR21A-PC-SQUAD-03:I
2189,a1,SR21A-PC-SQUAD-04:SETI,SR21A-PC-SQUAD-04:I
2215,a1,SR22A-PC-SQUAD-01:SETI,SR22A-PC-SQUAD-01:I
2239,a1,SR22A-PC-SQUAD-02:SETI,SR22A-PC-SQUAD-02:I
2257,a1,SR22A-PC-SQUAD-03:SETI,SR22A-PC-SQUAD-03:I
2282,a1,SR22A-PC-SQUAD-04:SETI,SR22A-PC-SQUAD-04:I
2308,a1,SR23A-PC-SQUAD-01:SETI,SR23A-PC-SQUAD-01:I
2332,a1,SR23A-PC-SQUAD-02:SETI,SR23A-PC-SQUAD-02:I
2350,a1,SR23A-PC-SQUAD-03:SETI,SR23A-PC-SQUAD-03:I
2375,a1,SR23A-PC-SQUAD-04:SETI,SR23A-PC-SQUAD-04:I
2401,a1,SR24A-PC-SQUAD-01:SETI,SR24A-PC-SQUAD-01:I
2425,a1,SR24A-PC-SQUAD-02:SETI,SR24A-PC-SQUAD-02:I
2443,a1,SR24A-PC-SQUAD-03:SETI,SR24A-PC-SQUAD-03:I
2468,a1,SR24A-PC-SQUAD-04:SETI,SR24A-PC-SQUAD-04:I
127,db0,SR02A-PC-DTRIM-01:SETI,SR02A-PC-DTRIM-01:I
213,db0,SR02A-PC-DTRIM-04:SETI,SR02A-PC-DTRIM-04:I
156,db0,SR02A-PC-DTRIM-02:SETI,SR02A-PC-DTRIM-02:I
184,db0,SR02A-PC-DTRIM-03:SETI,SR02A-PC-DTRIM-03:I
